hour,gross_sales_inr,discount_inr,net_sales_inr,cogs_inr,gross_profit_inr,variable_cost_inr,contribution_profit_inr,quantity_ordered,quantity_fulfilled,quantity_unfulfilled,quantity_substituted,estimated_lost_revenue_inr,estimated_lost_margin_inr,orders,period_days,delivery_cost_inr,fill_rate,substitution_rate,cancellation_rate,order_fulfillment_rate,item_fulfillment_rate,gross_margin,contribution_margin,aov_inr,profit_per_order_inr,profit_per_item_inr,recovery_opportunity_inr
7,5716678.5,353125.94,5363552.5600000005,3702127.89,1661424.67,320977.38,1340447.29,21107.0,21049.0,58.0,33.0,17041.59,5560.8,7031,120,193495.13,0.9972520964608897,0.0015634623584592788,0.0012800455127293415,0.9987199544872707,0.9971508244422891,0.3097619817116139,0.24991780634289149,762.8434874128859,190.6481709571896,63.68223145992684,11077.033500000001
8,8480289.65,537617.0700000001,7942672.58,5488696.9799999995,2453975.5999999996,475842.5,1978133.1000000003,31322.0,31232.0,90.0,71.0,24666.04,7968.93,10461,120,287648.01,0.997126620266905,0.0022667773449971266,0.0006691520887104483,0.9993308479112896,0.9970204081632653,0.3089609417086156,0.24905132121158144,759.2651352643151,189.09598508746777,63.336741162909846,16032.926000000001
9,13869338.69,887829.64,12981509.05,8986722.84,3994786.21,788831.0800000001,3205955.13,51736.0,51603.0,133.0,109.0,30986.39,9488.0,17374,120,477426.66000000003,0.997429256223906,0.0021068501623627647,0.00034534361689881433,0.9996546563831011,0.9975311080387123,0.30772895467033545,0.24696320879582176,747.1802146886153,184.5260233682514,62.127301319690716,20141.1535
10,11299532.129999999,715753.2999999999,10583778.83,7315137.78,3268641.0500000003,641613.23,2627027.8200000003,42213.0,42043.0,170.0,98.0,46103.44,15443.25,14104,120,388313.31,0.9959728045862649,0.002321559709094355,0.0009926262053318207,0.9990073737946682,0.9961277831558567,0.30883497307549085,0.24821265279595797,750.4097298638684,186.26118973340897,62.48430939752159,29967.236
11,8302681.73,531517.26,7771164.47,5364518.3,2406646.1700000004,467140.0,1939506.17,30679.0,30585.0,94.0,83.0,24821.079999999998,8528.25,10268,120,283068.52,0.9969360148635875,0.0027054336842791487,0.0007791195948578107,0.9992208804051422,0.996952492276864,0.30968925947850906,0.24957729018441427,756.8333141799766,188.888407674328,63.4136396926598,16133.702
12,13934140.84,875770.0700000001,13058370.77,9030203.71,4028167.06,789375.8500000001,3238791.21,51905.0,51725.0,180.0,140.0,41912.96000000001,13339.38,17364,120,476179.31,0.996532125999422,0.0026972353337828725,0.0009790370882285188,0.9990209629117714,0.9964759229138942,0.3084739383609951,0.24802414229504988,752.0370173923059,186.5233362128542,62.61558646689222,27243.424000000006
13,19968708.880000003,1272929.43,18695779.45,12946316.67,5749462.78,1119719.0499999998,4629743.73,74021.0,73736.0,285.0,207.0,83026.9,28165.97,24616,120,675884.71,0.9961497412896341,0.002796503694897394,0.0008937276568085798,0.9991062723431914,0.9960653021778898,0.3075273109300613,0.2476357694730936,759.4970527299317,188.0786370653234,62.788105267440606,53967.485
14,13952805.23,879011.77,13073793.46,9029478.49,4044314.97,785826.78,3258488.1900000004,51654.0,51399.0,255.0,199.0,69116.44,23151.100000000002,17279,120,474615.19999999995,0.9950633058427227,0.003852557401169319,0.0014468429885988773,0.9985531570114011,0.9952238362740974,0.30934517838099607,0.2492381572318338,756.6290560796343,188.58083164534986,63.395945251853156,44925.686
15,8401123.88,526151.75,7874972.13,5437704.55,2437267.58,474372.2,1962895.3800000004,31159.0,31018.0,141.0,120.0,39840.33,13943.990000000002,10421,120,286557.08999999997,0.9954748226836548,0.0038512147373150614,0.0012474810478840803,0.9987525189521159,0.995479018536024,0.3094953911919432,0.24925743832441988,755.6829603684866,188.3595988868631,63.28246115158941,25896.214500000002
16,8488667.8,545311.5800000001,7943356.22,5497779.93,2445576.29,478157.51,1967418.7800000003,31619.0,31459.0,160.0,94.0,36433.37000000001,11722.619999999999,10489,120,288737.9,0.9949397514152882,0.002972896043518138,0.0009533797311469158,0.999046620268853,0.9952512379251562,0.307876950531623,0.24768104633736296,757.3034817427781,187.56971875297933,62.53913919705014,23681.690500000008
17,14227212.91,885267.1499999999,13341945.76,9190525.45,4151420.3099999996,799805.97,3351614.34,52742.0,52422.0,320.0,236.0,77644.88,26600.19,17639,120,484008.13999999996,0.9939327291342763,0.004474612263471237,0.0015306990192187765,0.9984693009807812,0.9936444789443043,0.3111555379310731,0.25120881168984754,756.3890107148932,190.01158455694767,63.935262675975736,50469.172000000006
18,22318996.57,1396089.52,20922907.05,14444422.08,6478484.970000001,1408626.8,5069858.17,83101.0,82550.0,551.0,336.0,145466.46,48574.01,27772,120,910506.43,0.9933695142056053,0.0040432726441318395,0.0015483220509866051,0.9984516779490133,0.9936379320968637,0.3096359867449681,0.2423113651408206,753.3813571222814,182.55286511594412,61.41560472440945,94553.199
19,28091715.21,1774766.0,26316949.21,18202511.4,8114437.8100000005,1774961.6099999999,6339476.2,105048.0,104213.0,835.0,499.0,225552.99000000002,76566.48,34957,120,1145662.8599999999,0.9920512527606428,0.004750209428070977,0.0017736075750207398,0.9982263924249792,0.9920450253998806,0.3083350484605811,0.24088947960545157,752.8377495208399,181.35069370941443,60.83191348488192,146609.44350000002
20,27911514.48,1763244.92,26148269.56,18070697.97,8077571.590000001,1763398.25,6314173.34,104362.0,103343.0,1019.0,557.0,271574.3,89500.13,34649,120,1138054.1700000002,0.9902359096222763,0.005337191698127671,0.001904816877831972,0.998095183122168,0.9901777592014358,0.30891419302012124,0.24147576288027223,754.6615936967878,182.23248405437386,61.09918755987343,176523.295
21,19664078.99,1243681.71,18420397.28,12731943.32,5688453.960000001,1251909.01,4436544.95,73903.0,73040.0,863.0,500.0,241803.69,80284.66,24622,120,808068.57,0.988322530885079,0.006765625211425788,0.002355616927950613,0.9976443830720494,0.988467332767667,0.3088127727937907,0.2408495800911412,748.1275802128179,180.18621354885875,60.741305449069,157172.3985
22,11010611.54,716179.88,10294431.66,7136685.790000001,3157745.87,705189.73,2452556.1400000006,41522.0,41034.0,488.0,286.0,137244.59,45545.509999999995,13895,120,456653.24,0.9882471942584654,0.0068879148403256105,0.0023749550197912916,0.9976250449802087,0.9879295479738884,0.3067430990163084,0.23824104341084146,740.8730953580425,176.50637927311988,59.76887800360678,89208.9835
23,5667812.58,350316.17,5317496.41,3671813.0300000003,1645683.3800000001,356893.48,1288789.9000000001,21259.0,20959.0,300.0,183.0,90478.94,31915.52,7059,120,230625.16,0.9858883296486194,0.00860811891434216,0.0026915993766822494,0.9973084006233177,0.9862410234747451,0.30948462455097364,0.2423677987965017,753.2931590876894,182.57400481654628,61.49100147907821,58811.311
