date,forecast_units,lower_units,upper_units,model,dimension,entity
2026-05-01,7695.0,7250.9,8139.1,Seasonal naive,total,All
2026-05-02,9935.0,9490.9,10379.1,Seasonal naive,total,All
2026-05-03,9607.0,9162.9,10051.1,Seasonal naive,total,All
2026-05-04,7650.0,7205.9,8094.1,Seasonal naive,total,All
2026-05-05,7435.0,6990.9,7879.1,Seasonal naive,total,All
2026-05-06,7249.0,6804.9,7693.1,Seasonal naive,total,All
2026-05-07,7573.0,7128.9,8017.1,Seasonal naive,total,All
2026-05-08,7695.0,7250.9,8139.1,Seasonal naive,total,All
2026-05-09,9935.0,9490.9,10379.1,Seasonal naive,total,All
2026-05-10,9607.0,9162.9,10051.1,Seasonal naive,total,All
2026-05-11,7650.0,7205.9,8094.1,Seasonal naive,total,All
2026-05-12,7435.0,6990.9,7879.1,Seasonal naive,total,All
2026-05-13,7249.0,6804.9,7693.1,Seasonal naive,total,All
2026-05-14,7573.0,7128.9,8017.1,Seasonal naive,total,All
2026-05-01,952.0,837.1999999999999,1066.8,Seasonal naive,store_id,0
2026-05-02,1356.0,1241.2,1470.8,Seasonal naive,store_id,0
2026-05-03,1120.0,1005.1999999999999,1234.8,Seasonal naive,store_id,0
2026-05-04,929.0,814.1999999999999,1043.8,Seasonal naive,store_id,0
2026-05-05,955.0,840.1999999999999,1069.8,Seasonal naive,store_id,0
2026-05-06,863.0,748.1999999999999,977.8000000000001,Seasonal naive,store_id,0
2026-05-07,985.0,870.1999999999999,1099.8,Seasonal naive,store_id,0
2026-05-08,952.0,837.1999999999999,1066.8,Seasonal naive,store_id,0
2026-05-09,1356.0,1241.2,1470.8,Seasonal naive,store_id,0
2026-05-10,1120.0,1005.1999999999999,1234.8,Seasonal naive,store_id,0
2026-05-11,929.0,814.1999999999999,1043.8,Seasonal naive,store_id,0
2026-05-12,955.0,840.1999999999999,1069.8,Seasonal naive,store_id,0
2026-05-13,863.0,748.1999999999999,977.8000000000001,Seasonal naive,store_id,0
2026-05-14,985.0,870.1999999999999,1099.8,Seasonal naive,store_id,0
2026-05-01,935.0,835.9,1034.1,Seasonal naive,store_id,1
2026-05-02,1269.0,1169.9,1368.1,Seasonal naive,store_id,1
2026-05-03,1057.0,957.9,1156.1,Seasonal naive,store_id,1
2026-05-04,938.0,838.9,1037.1,Seasonal naive,store_id,1
2026-05-05,912.0,812.9,1011.1,Seasonal naive,store_id,1
2026-05-06,865.0,765.9,964.1,Seasonal naive,store_id,1
2026-05-07,906.0,806.9,1005.1,Seasonal naive,store_id,1
2026-05-08,935.0,835.9,1034.1,Seasonal naive,store_id,1
2026-05-09,1269.0,1169.9,1368.1,Seasonal naive,store_id,1
2026-05-10,1057.0,957.9,1156.1,Seasonal naive,store_id,1
2026-05-11,938.0,838.9,1037.1,Seasonal naive,store_id,1
2026-05-12,912.0,812.9,1011.1,Seasonal naive,store_id,1
2026-05-13,865.0,765.9,964.1,Seasonal naive,store_id,1
2026-05-14,906.0,806.9,1005.1,Seasonal naive,store_id,1
2026-05-01,991.0,847.9,1134.1,Seasonal naive,store_id,2
2026-05-02,1226.0,1082.9,1369.1,Seasonal naive,store_id,2
2026-05-03,1205.0,1061.9,1348.1,Seasonal naive,store_id,2
2026-05-04,896.0,752.9,1039.1,Seasonal naive,store_id,2
2026-05-05,877.0,733.9,1020.1,Seasonal naive,store_id,2
2026-05-06,928.0,784.9,1071.1,Seasonal naive,store_id,2
2026-05-07,850.0,706.9,993.1,Seasonal naive,store_id,2
2026-05-08,991.0,847.9,1134.1,Seasonal naive,store_id,2
2026-05-09,1226.0,1082.9,1369.1,Seasonal naive,store_id,2
2026-05-10,1205.0,1061.9,1348.1,Seasonal naive,store_id,2
2026-05-11,896.0,752.9,1039.1,Seasonal naive,store_id,2
2026-05-12,877.0,733.9,1020.1,Seasonal naive,store_id,2
2026-05-13,928.0,784.9,1071.1,Seasonal naive,store_id,2
2026-05-14,850.0,706.9,993.1,Seasonal naive,store_id,2
2026-05-01,937.0,761.1,1112.9,Seasonal naive,store_id,3
2026-05-02,1309.0,1133.1,1484.9,Seasonal naive,store_id,3
2026-05-03,1187.0,1011.1,1362.9,Seasonal naive,store_id,3
2026-05-04,1000.0,824.1,1175.9,Seasonal naive,store_id,3
2026-05-05,964.0,788.1,1139.9,Seasonal naive,store_id,3
2026-05-06,1009.0,833.1,1184.9,Seasonal naive,store_id,3
2026-05-07,862.0,686.1,1037.9,Seasonal naive,store_id,3
2026-05-08,937.0,761.1,1112.9,Seasonal naive,store_id,3
2026-05-09,1309.0,1133.1,1484.9,Seasonal naive,store_id,3
2026-05-10,1187.0,1011.1,1362.9,Seasonal naive,store_id,3
2026-05-11,1000.0,824.1,1175.9,Seasonal naive,store_id,3
2026-05-12,964.0,788.1,1139.9,Seasonal naive,store_id,3
2026-05-13,1009.0,833.1,1184.9,Seasonal naive,store_id,3
2026-05-14,862.0,686.1,1037.9,Seasonal naive,store_id,3
2026-05-01,1029.0,921.5,1136.5,Seasonal naive,store_id,4
2026-05-02,1243.0,1135.5,1350.5,Seasonal naive,store_id,4
2026-05-03,1380.0,1272.5,1487.5,Seasonal naive,store_id,4
2026-05-04,987.0,879.5,1094.5,Seasonal naive,store_id,4
2026-05-05,840.0,732.5,947.5,Seasonal naive,store_id,4
2026-05-06,968.0,860.5,1075.5,Seasonal naive,store_id,4
2026-05-07,1026.0,918.5,1133.5,Seasonal naive,store_id,4
2026-05-08,1029.0,921.5,1136.5,Seasonal naive,store_id,4
2026-05-09,1243.0,1135.5,1350.5,Seasonal naive,store_id,4
2026-05-10,1380.0,1272.5,1487.5,Seasonal naive,store_id,4
2026-05-11,987.0,879.5,1094.5,Seasonal naive,store_id,4
2026-05-12,840.0,732.5,947.5,Seasonal naive,store_id,4
2026-05-13,968.0,860.5,1075.5,Seasonal naive,store_id,4
2026-05-14,1026.0,918.5,1133.5,Seasonal naive,store_id,4
2026-05-01,962.0,807.8,1116.2,Seasonal naive,store_id,5
2026-05-02,1133.0,978.8,1287.2,Seasonal naive,store_id,5
2026-05-03,1253.0,1098.8,1407.2,Seasonal naive,store_id,5
2026-05-04,915.0,760.8,1069.2,Seasonal naive,store_id,5
2026-05-05,933.0,778.8,1087.2,Seasonal naive,store_id,5
2026-05-06,925.0,770.8,1079.2,Seasonal naive,store_id,5
2026-05-07,997.0,842.8,1151.2,Seasonal naive,store_id,5
2026-05-08,962.0,807.8,1116.2,Seasonal naive,store_id,5
2026-05-09,1133.0,978.8,1287.2,Seasonal naive,store_id,5
2026-05-10,1253.0,1098.8,1407.2,Seasonal naive,store_id,5
2026-05-11,915.0,760.8,1069.2,Seasonal naive,store_id,5
2026-05-12,933.0,778.8,1087.2,Seasonal naive,store_id,5
2026-05-13,925.0,770.8,1079.2,Seasonal naive,store_id,5
2026-05-14,997.0,842.8,1151.2,Seasonal naive,store_id,5
2026-05-01,927.0,863.7,990.3,Seasonal naive,store_id,6
2026-05-02,1187.0,1123.7,1250.3,Seasonal naive,store_id,6
2026-05-03,1271.0,1207.7,1334.3,Seasonal naive,store_id,6
2026-05-04,1020.0,956.7,1083.3,Seasonal naive,store_id,6
2026-05-05,971.0,907.7,1034.3,Seasonal naive,store_id,6
2026-05-06,842.0,778.7,905.3,Seasonal naive,store_id,6
2026-05-07,953.0,889.7,1016.3,Seasonal naive,store_id,6
2026-05-08,927.0,863.7,990.3,Seasonal naive,store_id,6
2026-05-09,1187.0,1123.7,1250.3,Seasonal naive,store_id,6
2026-05-10,1271.0,1207.7,1334.3,Seasonal naive,store_id,6
2026-05-11,1020.0,956.7,1083.3,Seasonal naive,store_id,6
2026-05-12,971.0,907.7,1034.3,Seasonal naive,store_id,6
2026-05-13,842.0,778.7,905.3,Seasonal naive,store_id,6
2026-05-14,953.0,889.7,1016.3,Seasonal naive,store_id,6
2026-05-01,962.0,838.9,1085.1,Seasonal naive,store_id,7
2026-05-02,1212.0,1088.9,1335.1,Seasonal naive,store_id,7
2026-05-03,1134.0,1010.9,1257.1,Seasonal naive,store_id,7
2026-05-04,965.0,841.9,1088.1,Seasonal naive,store_id,7
2026-05-05,983.0,859.9,1106.1,Seasonal naive,store_id,7
2026-05-06,849.0,725.9,972.1,Seasonal naive,store_id,7
2026-05-07,994.0,870.9,1117.1,Seasonal naive,store_id,7
2026-05-08,962.0,838.9,1085.1,Seasonal naive,store_id,7
2026-05-09,1212.0,1088.9,1335.1,Seasonal naive,store_id,7
2026-05-10,1134.0,1010.9,1257.1,Seasonal naive,store_id,7
2026-05-11,965.0,841.9,1088.1,Seasonal naive,store_id,7
2026-05-12,983.0,859.9,1106.1,Seasonal naive,store_id,7
2026-05-13,849.0,725.9,972.1,Seasonal naive,store_id,7
2026-05-14,994.0,870.9,1117.1,Seasonal naive,store_id,7
2026-05-01,2517.0,2362.8,2671.2,Seasonal naive,category_id,0
2026-05-02,3235.0,3080.8,3389.2,Seasonal naive,category_id,0
2026-05-03,3073.0,2918.8,3227.2,Seasonal naive,category_id,0
2026-05-04,2474.0,2319.8,2628.2,Seasonal naive,category_id,0
2026-05-05,2410.0,2255.8,2564.2,Seasonal naive,category_id,0
2026-05-06,2353.0,2198.8,2507.2,Seasonal naive,category_id,0
2026-05-07,2418.0,2263.8,2572.2,Seasonal naive,category_id,0
2026-05-08,2517.0,2362.8,2671.2,Seasonal naive,category_id,0
2026-05-09,3235.0,3080.8,3389.2,Seasonal naive,category_id,0
2026-05-10,3073.0,2918.8,3227.2,Seasonal naive,category_id,0
2026-05-11,2474.0,2319.8,2628.2,Seasonal naive,category_id,0
2026-05-12,2410.0,2255.8,2564.2,Seasonal naive,category_id,0
2026-05-13,2353.0,2198.8,2507.2,Seasonal naive,category_id,0
2026-05-14,2418.0,2263.8,2572.2,Seasonal naive,category_id,0
2026-05-01,1999.0,1829.8,2168.2,Seasonal naive,category_id,1
2026-05-02,2504.0,2334.8,2673.2,Seasonal naive,category_id,1
2026-05-03,2465.0,2295.8,2634.2,Seasonal naive,category_id,1
2026-05-04,1997.0,1827.8,2166.2,Seasonal naive,category_id,1
2026-05-05,1947.0,1777.8,2116.2,Seasonal naive,category_id,1
2026-05-06,1833.0,1663.8,2002.2,Seasonal naive,category_id,1
2026-05-07,1881.0,1711.8,2050.2,Seasonal naive,category_id,1
2026-05-08,1999.0,1829.8,2168.2,Seasonal naive,category_id,1
2026-05-09,2504.0,2334.8,2673.2,Seasonal naive,category_id,1
2026-05-10,2465.0,2295.8,2634.2,Seasonal naive,category_id,1
2026-05-11,1997.0,1827.8,2166.2,Seasonal naive,category_id,1
2026-05-12,1947.0,1777.8,2116.2,Seasonal naive,category_id,1
2026-05-13,1833.0,1663.8,2002.2,Seasonal naive,category_id,1
2026-05-14,1881.0,1711.8,2050.2,Seasonal naive,category_id,1
2026-05-01,1669.0,1504.7,1833.3,Seasonal naive,category_id,2
2026-05-02,2175.0,2010.7,2339.3,Seasonal naive,category_id,2
2026-05-03,2185.0,2020.7,2349.3,Seasonal naive,category_id,2
2026-05-04,1672.0,1507.7,1836.3,Seasonal naive,category_id,2
2026-05-05,1612.0,1447.7,1776.3,Seasonal naive,category_id,2
2026-05-06,1721.0,1556.7,1885.3,Seasonal naive,category_id,2
2026-05-07,1718.0,1553.7,1882.3,Seasonal naive,category_id,2
2026-05-08,1669.0,1504.7,1833.3,Seasonal naive,category_id,2
2026-05-09,2175.0,2010.7,2339.3,Seasonal naive,category_id,2
2026-05-10,2185.0,2020.7,2349.3,Seasonal naive,category_id,2
2026-05-11,1672.0,1507.7,1836.3,Seasonal naive,category_id,2
2026-05-12,1612.0,1447.7,1776.3,Seasonal naive,category_id,2
2026-05-13,1721.0,1556.7,1885.3,Seasonal naive,category_id,2
2026-05-14,1718.0,1553.7,1882.3,Seasonal naive,category_id,2
2026-05-01,1510.0,1352.1,1667.9,Seasonal naive,category_id,3
2026-05-02,2021.0,1863.1,2178.9,Seasonal naive,category_id,3
2026-05-03,1884.0,1726.1,2041.9,Seasonal naive,category_id,3
2026-05-04,1507.0,1349.1,1664.9,Seasonal naive,category_id,3
2026-05-05,1466.0,1308.1,1623.9,Seasonal naive,category_id,3
2026-05-06,1342.0,1184.1,1499.9,Seasonal naive,category_id,3
2026-05-07,1556.0,1398.1,1713.9,Seasonal naive,category_id,3
2026-05-08,1510.0,1352.1,1667.9,Seasonal naive,category_id,3
2026-05-09,2021.0,1863.1,2178.9,Seasonal naive,category_id,3
2026-05-10,1884.0,1726.1,2041.9,Seasonal naive,category_id,3
2026-05-11,1507.0,1349.1,1664.9,Seasonal naive,category_id,3
2026-05-12,1466.0,1308.1,1623.9,Seasonal naive,category_id,3
2026-05-13,1342.0,1184.1,1499.9,Seasonal naive,category_id,3
2026-05-14,1556.0,1398.1,1713.9,Seasonal naive,category_id,3
2026-05-01,1203.0,1120.0,1286.0,Seasonal naive,product_id,0
2026-05-02,1509.0,1426.0,1592.0,Seasonal naive,product_id,0
2026-05-03,1453.0,1370.0,1536.0,Seasonal naive,product_id,0
2026-05-04,1220.0,1137.0,1303.0,Seasonal naive,product_id,0
2026-05-05,1149.0,1066.0,1232.0,Seasonal naive,product_id,0
2026-05-06,1110.0,1027.0,1193.0,Seasonal naive,product_id,0
2026-05-07,1139.0,1056.0,1222.0,Seasonal naive,product_id,0
2026-05-08,1203.0,1120.0,1286.0,Seasonal naive,product_id,0
2026-05-09,1509.0,1426.0,1592.0,Seasonal naive,product_id,0
2026-05-10,1453.0,1370.0,1536.0,Seasonal naive,product_id,0
2026-05-11,1220.0,1137.0,1303.0,Seasonal naive,product_id,0
2026-05-12,1149.0,1066.0,1232.0,Seasonal naive,product_id,0
2026-05-13,1110.0,1027.0,1193.0,Seasonal naive,product_id,0
2026-05-14,1139.0,1056.0,1222.0,Seasonal naive,product_id,0
2026-05-01,810.0,736.7,883.3,Seasonal naive,product_id,1
2026-05-02,1015.0,941.7,1088.3,Seasonal naive,product_id,1
2026-05-03,1034.0,960.7,1107.3,Seasonal naive,product_id,1
2026-05-04,809.0,735.7,882.3,Seasonal naive,product_id,1
2026-05-05,795.0,721.7,868.3,Seasonal naive,product_id,1
2026-05-06,747.0,673.7,820.3,Seasonal naive,product_id,1
2026-05-07,783.0,709.7,856.3,Seasonal naive,product_id,1
2026-05-08,810.0,736.7,883.3,Seasonal naive,product_id,1
2026-05-09,1015.0,941.7,1088.3,Seasonal naive,product_id,1
2026-05-10,1034.0,960.7,1107.3,Seasonal naive,product_id,1
2026-05-11,809.0,735.7,882.3,Seasonal naive,product_id,1
2026-05-12,795.0,721.7,868.3,Seasonal naive,product_id,1
2026-05-13,747.0,673.7,820.3,Seasonal naive,product_id,1
2026-05-14,783.0,709.7,856.3,Seasonal naive,product_id,1
2026-05-01,605.0,558.9,651.1,Seasonal naive,product_id,2
2026-05-02,773.0,726.9,819.1,Seasonal naive,product_id,2
2026-05-03,827.0,780.9,873.1,Seasonal naive,product_id,2
2026-05-04,604.0,557.9,650.1,Seasonal naive,product_id,2
2026-05-05,517.0,470.9,563.1,Seasonal naive,product_id,2
2026-05-06,610.0,563.9,656.1,Seasonal naive,product_id,2
2026-05-07,598.0,551.9,644.1,Seasonal naive,product_id,2
2026-05-08,605.0,558.9,651.1,Seasonal naive,product_id,2
2026-05-09,773.0,726.9,819.1,Seasonal naive,product_id,2
2026-05-10,827.0,780.9,873.1,Seasonal naive,product_id,2
2026-05-11,604.0,557.9,650.1,Seasonal naive,product_id,2
2026-05-12,517.0,470.9,563.1,Seasonal naive,product_id,2
2026-05-13,610.0,563.9,656.1,Seasonal naive,product_id,2
2026-05-14,598.0,551.9,644.1,Seasonal naive,product_id,2
2026-05-01,491.0,406.29999999999995,575.7,Seasonal naive,product_id,3
2026-05-02,670.0,585.3,754.7,Seasonal naive,product_id,3
2026-05-03,627.0,542.3,711.7,Seasonal naive,product_id,3
2026-05-04,515.0,430.29999999999995,599.7,Seasonal naive,product_id,3
2026-05-05,501.0,416.29999999999995,585.7,Seasonal naive,product_id,3
2026-05-06,429.0,344.29999999999995,513.7,Seasonal naive,product_id,3
2026-05-07,485.0,400.29999999999995,569.7,Seasonal naive,product_id,3
2026-05-08,491.0,406.29999999999995,575.7,Seasonal naive,product_id,3
2026-05-09,670.0,585.3,754.7,Seasonal naive,product_id,3
2026-05-10,627.0,542.3,711.7,Seasonal naive,product_id,3
2026-05-11,515.0,430.29999999999995,599.7,Seasonal naive,product_id,3
2026-05-12,501.0,416.29999999999995,585.7,Seasonal naive,product_id,3
2026-05-13,429.0,344.29999999999995,513.7,Seasonal naive,product_id,3
2026-05-14,485.0,400.29999999999995,569.7,Seasonal naive,product_id,3
2026-05-01,423.0,379.6,466.4,Seasonal naive,product_id,4
2026-05-02,545.0,501.6,588.4,Seasonal naive,product_id,4
2026-05-03,518.0,474.6,561.4,Seasonal naive,product_id,4
2026-05-04,361.0,317.6,404.4,Seasonal naive,product_id,4
2026-05-05,432.0,388.6,475.4,Seasonal naive,product_id,4
2026-05-06,375.0,331.6,418.4,Seasonal naive,product_id,4
2026-05-07,416.0,372.6,459.4,Seasonal naive,product_id,4
2026-05-08,423.0,379.6,466.4,Seasonal naive,product_id,4
2026-05-09,545.0,501.6,588.4,Seasonal naive,product_id,4
2026-05-10,518.0,474.6,561.4,Seasonal naive,product_id,4
2026-05-11,361.0,317.6,404.4,Seasonal naive,product_id,4
2026-05-12,432.0,388.6,475.4,Seasonal naive,product_id,4
2026-05-13,375.0,331.6,418.4,Seasonal naive,product_id,4
2026-05-14,416.0,372.6,459.4,Seasonal naive,product_id,4
2026-05-01,402.0,354.1,449.9,Seasonal naive,product_id,5
2026-05-02,437.0,389.1,484.9,Seasonal naive,product_id,5
2026-05-03,428.0,380.1,475.9,Seasonal naive,product_id,5
2026-05-04,345.0,297.1,392.9,Seasonal naive,product_id,5
2026-05-05,351.0,303.1,398.9,Seasonal naive,product_id,5
2026-05-06,327.0,279.1,374.9,Seasonal naive,product_id,5
2026-05-07,299.0,251.1,346.9,Seasonal naive,product_id,5
2026-05-08,402.0,354.1,449.9,Seasonal naive,product_id,5
2026-05-09,437.0,389.1,484.9,Seasonal naive,product_id,5
2026-05-10,428.0,380.1,475.9,Seasonal naive,product_id,5
2026-05-11,345.0,297.1,392.9,Seasonal naive,product_id,5
2026-05-12,351.0,303.1,398.9,Seasonal naive,product_id,5
2026-05-13,327.0,279.1,374.9,Seasonal naive,product_id,5
2026-05-14,299.0,251.1,346.9,Seasonal naive,product_id,5
2026-05-01,320.0,264.0,376.0,Seasonal naive,product_id,6
2026-05-02,402.0,346.0,458.0,Seasonal naive,product_id,6
2026-05-03,388.0,332.0,444.0,Seasonal naive,product_id,6
2026-05-04,271.0,215.0,327.0,Seasonal naive,product_id,6
2026-05-05,348.0,292.0,404.0,Seasonal naive,product_id,6
2026-05-06,309.0,253.0,365.0,Seasonal naive,product_id,6
2026-05-07,312.0,256.0,368.0,Seasonal naive,product_id,6
2026-05-08,320.0,264.0,376.0,Seasonal naive,product_id,6
2026-05-09,402.0,346.0,458.0,Seasonal naive,product_id,6
2026-05-10,388.0,332.0,444.0,Seasonal naive,product_id,6
2026-05-11,271.0,215.0,327.0,Seasonal naive,product_id,6
2026-05-12,348.0,292.0,404.0,Seasonal naive,product_id,6
2026-05-13,309.0,253.0,365.0,Seasonal naive,product_id,6
2026-05-14,312.0,256.0,368.0,Seasonal naive,product_id,6
2026-05-01,262.0,216.7,307.3,Seasonal naive,product_id,7
2026-05-02,342.0,296.7,387.3,Seasonal naive,product_id,7
2026-05-03,299.0,253.7,344.3,Seasonal naive,product_id,7
2026-05-04,285.0,239.7,330.3,Seasonal naive,product_id,7
2026-05-05,236.0,190.7,281.3,Seasonal naive,product_id,7
2026-05-06,240.0,194.7,285.3,Seasonal naive,product_id,7
2026-05-07,254.0,208.7,299.3,Seasonal naive,product_id,7
2026-05-08,262.0,216.7,307.3,Seasonal naive,product_id,7
2026-05-09,342.0,296.7,387.3,Seasonal naive,product_id,7
2026-05-10,299.0,253.7,344.3,Seasonal naive,product_id,7
2026-05-11,285.0,239.7,330.3,Seasonal naive,product_id,7
2026-05-12,236.0,190.7,281.3,Seasonal naive,product_id,7
2026-05-13,240.0,194.7,285.3,Seasonal naive,product_id,7
2026-05-14,254.0,208.7,299.3,Seasonal naive,product_id,7
2026-05-01,237.0,177.0,297.0,Seasonal naive,product_id,8
2026-05-02,327.0,267.0,387.0,Seasonal naive,product_id,8
2026-05-03,331.0,271.0,391.0,Seasonal naive,product_id,8
2026-05-04,253.0,193.0,313.0,Seasonal naive,product_id,8
2026-05-05,213.0,153.0,273.0,Seasonal naive,product_id,8
2026-05-06,257.0,197.0,317.0,Seasonal naive,product_id,8
2026-05-07,228.0,168.0,288.0,Seasonal naive,product_id,8
2026-05-08,237.0,177.0,297.0,Seasonal naive,product_id,8
2026-05-09,327.0,267.0,387.0,Seasonal naive,product_id,8
2026-05-10,331.0,271.0,391.0,Seasonal naive,product_id,8
2026-05-11,253.0,193.0,313.0,Seasonal naive,product_id,8
2026-05-12,213.0,153.0,273.0,Seasonal naive,product_id,8
2026-05-13,257.0,197.0,317.0,Seasonal naive,product_id,8
2026-05-14,228.0,168.0,288.0,Seasonal naive,product_id,8
2026-05-01,188.0,147.6,228.4,Seasonal naive,product_id,9
2026-05-02,261.0,220.6,301.4,Seasonal naive,product_id,9
2026-05-03,276.0,235.6,316.4,Seasonal naive,product_id,9
2026-05-04,200.0,159.6,240.4,Seasonal naive,product_id,9
2026-05-05,235.0,194.6,275.4,Seasonal naive,product_id,9
2026-05-06,209.0,168.6,249.4,Seasonal naive,product_id,9
2026-05-07,199.0,158.6,239.4,Seasonal naive,product_id,9
2026-05-08,188.0,147.6,228.4,Seasonal naive,product_id,9
2026-05-09,261.0,220.6,301.4,Seasonal naive,product_id,9
2026-05-10,276.0,235.6,316.4,Seasonal naive,product_id,9
2026-05-11,200.0,159.6,240.4,Seasonal naive,product_id,9
2026-05-12,235.0,194.6,275.4,Seasonal naive,product_id,9
2026-05-13,209.0,168.6,249.4,Seasonal naive,product_id,9
2026-05-14,199.0,158.6,239.4,Seasonal naive,product_id,9
2026-05-01,182.0,148.6,215.4,Seasonal naive,product_id,10
2026-05-02,278.0,244.6,311.4,Seasonal naive,product_id,10
2026-05-03,245.0,211.6,278.4,Seasonal naive,product_id,10
2026-05-04,229.0,195.6,262.4,Seasonal naive,product_id,10
2026-05-05,165.0,131.6,198.4,Seasonal naive,product_id,10
2026-05-06,195.0,161.6,228.4,Seasonal naive,product_id,10
2026-05-07,222.0,188.6,255.4,Seasonal naive,product_id,10
2026-05-08,182.0,148.6,215.4,Seasonal naive,product_id,10
2026-05-09,278.0,244.6,311.4,Seasonal naive,product_id,10
2026-05-10,245.0,211.6,278.4,Seasonal naive,product_id,10
2026-05-11,229.0,195.6,262.4,Seasonal naive,product_id,10
2026-05-12,165.0,131.6,198.4,Seasonal naive,product_id,10
2026-05-13,195.0,161.6,228.4,Seasonal naive,product_id,10
2026-05-14,222.0,188.6,255.4,Seasonal naive,product_id,10
2026-05-01,178.0,135.79999999999998,220.20000000000002,Naive,product_id,11
2026-05-02,178.0,135.79999999999998,220.20000000000002,Naive,product_id,11
2026-05-03,178.0,135.79999999999998,220.20000000000002,Naive,product_id,11
2026-05-04,178.0,135.79999999999998,220.20000000000002,Naive,product_id,11
2026-05-05,178.0,135.79999999999998,220.20000000000002,Naive,product_id,11
2026-05-06,178.0,135.79999999999998,220.20000000000002,Naive,product_id,11
2026-05-07,178.0,135.79999999999998,220.20000000000002,Naive,product_id,11
2026-05-08,178.0,135.79999999999998,220.20000000000002,Naive,product_id,11
2026-05-09,178.0,135.79999999999998,220.20000000000002,Naive,product_id,11
2026-05-10,178.0,135.79999999999998,220.20000000000002,Naive,product_id,11
2026-05-11,178.0,135.79999999999998,220.20000000000002,Naive,product_id,11
2026-05-12,178.0,135.79999999999998,220.20000000000002,Naive,product_id,11
2026-05-13,178.0,135.79999999999998,220.20000000000002,Naive,product_id,11
2026-05-14,178.0,135.79999999999998,220.20000000000002,Naive,product_id,11
2026-05-01,181.0,154.3,207.7,Seasonal naive,product_id,12
2026-05-02,180.0,153.3,206.7,Seasonal naive,product_id,12
2026-05-03,205.0,178.3,231.7,Seasonal naive,product_id,12
2026-05-04,144.0,117.3,170.7,Seasonal naive,product_id,12
2026-05-05,159.0,132.3,185.7,Seasonal naive,product_id,12
2026-05-06,173.0,146.3,199.7,Seasonal naive,product_id,12
2026-05-07,164.0,137.3,190.7,Seasonal naive,product_id,12
2026-05-08,181.0,154.3,207.7,Seasonal naive,product_id,12
2026-05-09,180.0,153.3,206.7,Seasonal naive,product_id,12
2026-05-10,205.0,178.3,231.7,Seasonal naive,product_id,12
2026-05-11,144.0,117.3,170.7,Seasonal naive,product_id,12
2026-05-12,159.0,132.3,185.7,Seasonal naive,product_id,12
2026-05-13,173.0,146.3,199.7,Seasonal naive,product_id,12
2026-05-14,164.0,137.3,190.7,Seasonal naive,product_id,12
2026-05-01,141.0,106.8,175.2,Seasonal naive,product_id,13
2026-05-02,173.0,138.8,207.2,Seasonal naive,product_id,13
2026-05-03,159.0,124.8,193.2,Seasonal naive,product_id,13
2026-05-04,166.0,131.8,200.2,Seasonal naive,product_id,13
2026-05-05,136.0,101.8,170.2,Seasonal naive,product_id,13
2026-05-06,141.0,106.8,175.2,Seasonal naive,product_id,13
2026-05-07,173.0,138.8,207.2,Seasonal naive,product_id,13
2026-05-08,141.0,106.8,175.2,Seasonal naive,product_id,13
2026-05-09,173.0,138.8,207.2,Seasonal naive,product_id,13
2026-05-10,159.0,124.8,193.2,Seasonal naive,product_id,13
2026-05-11,166.0,131.8,200.2,Seasonal naive,product_id,13
2026-05-12,136.0,101.8,170.2,Seasonal naive,product_id,13
2026-05-13,141.0,106.8,175.2,Seasonal naive,product_id,13
2026-05-14,173.0,138.8,207.2,Seasonal naive,product_id,13
2026-05-01,155.57142857142858,116.8857142857143,194.25714285714287,Moving average,product_id,14
2026-05-02,155.57142857142858,116.8857142857143,194.25714285714287,Moving average,product_id,14
2026-05-03,155.57142857142858,116.8857142857143,194.25714285714287,Moving average,product_id,14
2026-05-04,155.57142857142858,116.8857142857143,194.25714285714287,Moving average,product_id,14
2026-05-05,155.57142857142858,116.8857142857143,194.25714285714287,Moving average,product_id,14
2026-05-06,155.57142857142858,116.8857142857143,194.25714285714287,Moving average,product_id,14
2026-05-07,155.57142857142858,116.8857142857143,194.25714285714287,Moving average,product_id,14
2026-05-08,155.57142857142858,116.8857142857143,194.25714285714287,Moving average,product_id,14
2026-05-09,155.57142857142858,116.8857142857143,194.25714285714287,Moving average,product_id,14
2026-05-10,155.57142857142858,116.8857142857143,194.25714285714287,Moving average,product_id,14
2026-05-11,155.57142857142858,116.8857142857143,194.25714285714287,Moving average,product_id,14
2026-05-12,155.57142857142858,116.8857142857143,194.25714285714287,Moving average,product_id,14
2026-05-13,155.57142857142858,116.8857142857143,194.25714285714287,Moving average,product_id,14
2026-05-14,155.57142857142858,116.8857142857143,194.25714285714287,Moving average,product_id,14
2026-05-01,139.0,118.3,159.7,Naive,product_id,15
2026-05-02,139.0,118.3,159.7,Naive,product_id,15
2026-05-03,139.0,118.3,159.7,Naive,product_id,15
2026-05-04,139.0,118.3,159.7,Naive,product_id,15
2026-05-05,139.0,118.3,159.7,Naive,product_id,15
2026-05-06,139.0,118.3,159.7,Naive,product_id,15
2026-05-07,139.0,118.3,159.7,Naive,product_id,15
2026-05-08,139.0,118.3,159.7,Naive,product_id,15
2026-05-09,139.0,118.3,159.7,Naive,product_id,15
2026-05-10,139.0,118.3,159.7,Naive,product_id,15
2026-05-11,139.0,118.3,159.7,Naive,product_id,15
2026-05-12,139.0,118.3,159.7,Naive,product_id,15
2026-05-13,139.0,118.3,159.7,Naive,product_id,15
2026-05-14,139.0,118.3,159.7,Naive,product_id,15
2026-05-01,112.0,88.3,135.7,Seasonal naive,product_id,16
2026-05-02,194.0,170.3,217.7,Seasonal naive,product_id,16
2026-05-03,145.0,121.3,168.7,Seasonal naive,product_id,16
2026-05-04,126.0,102.3,149.7,Seasonal naive,product_id,16
2026-05-05,123.0,99.3,146.7,Seasonal naive,product_id,16
2026-05-06,122.0,98.3,145.7,Seasonal naive,product_id,16
2026-05-07,114.0,90.3,137.7,Seasonal naive,product_id,16
2026-05-08,112.0,88.3,135.7,Seasonal naive,product_id,16
2026-05-09,194.0,170.3,217.7,Seasonal naive,product_id,16
2026-05-10,145.0,121.3,168.7,Seasonal naive,product_id,16
2026-05-11,126.0,102.3,149.7,Seasonal naive,product_id,16
2026-05-12,123.0,99.3,146.7,Seasonal naive,product_id,16
2026-05-13,122.0,98.3,145.7,Seasonal naive,product_id,16
2026-05-14,114.0,90.3,137.7,Seasonal naive,product_id,16
2026-05-01,117.0,80.3,153.7,Seasonal naive,product_id,17
2026-05-02,167.0,130.3,203.7,Seasonal naive,product_id,17
2026-05-03,154.0,117.3,190.7,Seasonal naive,product_id,17
2026-05-04,114.0,77.3,150.7,Seasonal naive,product_id,17
2026-05-05,96.0,59.3,132.7,Seasonal naive,product_id,17
2026-05-06,112.0,75.3,148.7,Seasonal naive,product_id,17
2026-05-07,120.0,83.3,156.7,Seasonal naive,product_id,17
2026-05-08,117.0,80.3,153.7,Seasonal naive,product_id,17
2026-05-09,167.0,130.3,203.7,Seasonal naive,product_id,17
2026-05-10,154.0,117.3,190.7,Seasonal naive,product_id,17
2026-05-11,114.0,77.3,150.7,Seasonal naive,product_id,17
2026-05-12,96.0,59.3,132.7,Seasonal naive,product_id,17
2026-05-13,112.0,75.3,148.7,Seasonal naive,product_id,17
2026-05-14,120.0,83.3,156.7,Seasonal naive,product_id,17
2026-05-01,107.0,74.19999999999999,139.8,Naive,product_id,18
2026-05-02,107.0,74.19999999999999,139.8,Naive,product_id,18
2026-05-03,107.0,74.19999999999999,139.8,Naive,product_id,18
2026-05-04,107.0,74.19999999999999,139.8,Naive,product_id,18
2026-05-05,107.0,74.19999999999999,139.8,Naive,product_id,18
2026-05-06,107.0,74.19999999999999,139.8,Naive,product_id,18
2026-05-07,107.0,74.19999999999999,139.8,Naive,product_id,18
2026-05-08,107.0,74.19999999999999,139.8,Naive,product_id,18
2026-05-09,107.0,74.19999999999999,139.8,Naive,product_id,18
2026-05-10,107.0,74.19999999999999,139.8,Naive,product_id,18
2026-05-11,107.0,74.19999999999999,139.8,Naive,product_id,18
2026-05-12,107.0,74.19999999999999,139.8,Naive,product_id,18
2026-05-13,107.0,74.19999999999999,139.8,Naive,product_id,18
2026-05-14,107.0,74.19999999999999,139.8,Naive,product_id,18
2026-05-01,106.43158917657473,79.18923682733381,133.67394152581565,Exponential smoothing,product_id,19
2026-05-02,106.43158917657473,79.18923682733381,133.67394152581565,Exponential smoothing,product_id,19
2026-05-03,106.43158917657473,79.18923682733381,133.67394152581565,Exponential smoothing,product_id,19
2026-05-04,106.43158917657473,79.18923682733381,133.67394152581565,Exponential smoothing,product_id,19
2026-05-05,106.43158917657473,79.18923682733381,133.67394152581565,Exponential smoothing,product_id,19
2026-05-06,106.43158917657473,79.18923682733381,133.67394152581565,Exponential smoothing,product_id,19
2026-05-07,106.43158917657473,79.18923682733381,133.67394152581565,Exponential smoothing,product_id,19
2026-05-08,106.43158917657473,79.18923682733381,133.67394152581565,Exponential smoothing,product_id,19
2026-05-09,106.43158917657473,79.18923682733381,133.67394152581565,Exponential smoothing,product_id,19
2026-05-10,106.43158917657473,79.18923682733381,133.67394152581565,Exponential smoothing,product_id,19
2026-05-11,106.43158917657473,79.18923682733381,133.67394152581565,Exponential smoothing,product_id,19
2026-05-12,106.43158917657473,79.18923682733381,133.67394152581565,Exponential smoothing,product_id,19
2026-05-13,106.43158917657473,79.18923682733381,133.67394152581565,Exponential smoothing,product_id,19
2026-05-14,106.43158917657473,79.18923682733381,133.67394152581565,Exponential smoothing,product_id,19
2026-05-01,101.0,76.29999999999998,125.70000000000002,Seasonal naive,product_id,20
2026-05-02,148.0,123.29999999999998,172.70000000000002,Seasonal naive,product_id,20
2026-05-03,100.0,75.29999999999998,124.70000000000002,Seasonal naive,product_id,20
2026-05-04,104.0,79.29999999999998,128.70000000000002,Seasonal naive,product_id,20
2026-05-05,87.0,62.29999999999999,111.70000000000002,Seasonal naive,product_id,20
2026-05-06,93.0,68.29999999999998,117.70000000000002,Seasonal naive,product_id,20
2026-05-07,86.0,61.29999999999999,110.70000000000002,Seasonal naive,product_id,20
2026-05-08,101.0,76.29999999999998,125.70000000000002,Seasonal naive,product_id,20
2026-05-09,148.0,123.29999999999998,172.70000000000002,Seasonal naive,product_id,20
2026-05-10,100.0,75.29999999999998,124.70000000000002,Seasonal naive,product_id,20
2026-05-11,104.0,79.29999999999998,128.70000000000002,Seasonal naive,product_id,20
2026-05-12,87.0,62.29999999999999,111.70000000000002,Seasonal naive,product_id,20
2026-05-13,93.0,68.29999999999998,117.70000000000002,Seasonal naive,product_id,20
2026-05-14,86.0,61.29999999999999,110.70000000000002,Seasonal naive,product_id,20
2026-05-01,86.0,67.3,104.7,Seasonal naive,product_id,21
2026-05-02,133.0,114.3,151.7,Seasonal naive,product_id,21
2026-05-03,112.0,93.3,130.7,Seasonal naive,product_id,21
2026-05-04,84.0,65.3,102.7,Seasonal naive,product_id,21
2026-05-05,100.0,81.3,118.7,Seasonal naive,product_id,21
2026-05-06,75.0,56.3,93.7,Seasonal naive,product_id,21
2026-05-07,90.0,71.3,108.7,Seasonal naive,product_id,21
2026-05-08,86.0,67.3,104.7,Seasonal naive,product_id,21
2026-05-09,133.0,114.3,151.7,Seasonal naive,product_id,21
2026-05-10,112.0,93.3,130.7,Seasonal naive,product_id,21
2026-05-11,84.0,65.3,102.7,Seasonal naive,product_id,21
2026-05-12,100.0,81.3,118.7,Seasonal naive,product_id,21
2026-05-13,75.0,56.3,93.7,Seasonal naive,product_id,21
2026-05-14,90.0,71.3,108.7,Seasonal naive,product_id,21
2026-05-01,92.14285714285714,59.071428571428555,125.21428571428572,Moving average,product_id,22
2026-05-02,92.14285714285714,59.071428571428555,125.21428571428572,Moving average,product_id,22
2026-05-03,92.14285714285714,59.071428571428555,125.21428571428572,Moving average,product_id,22
2026-05-04,92.14285714285714,59.071428571428555,125.21428571428572,Moving average,product_id,22
2026-05-05,92.14285714285714,59.071428571428555,125.21428571428572,Moving average,product_id,22
2026-05-06,92.14285714285714,59.071428571428555,125.21428571428572,Moving average,product_id,22
2026-05-07,92.14285714285714,59.071428571428555,125.21428571428572,Moving average,product_id,22
2026-05-08,92.14285714285714,59.071428571428555,125.21428571428572,Moving average,product_id,22
2026-05-09,92.14285714285714,59.071428571428555,125.21428571428572,Moving average,product_id,22
2026-05-10,92.14285714285714,59.071428571428555,125.21428571428572,Moving average,product_id,22
2026-05-11,92.14285714285714,59.071428571428555,125.21428571428572,Moving average,product_id,22
2026-05-12,92.14285714285714,59.071428571428555,125.21428571428572,Moving average,product_id,22
2026-05-13,92.14285714285714,59.071428571428555,125.21428571428572,Moving average,product_id,22
2026-05-14,92.14285714285714,59.071428571428555,125.21428571428572,Moving average,product_id,22
2026-05-01,79.0,59.3,98.7,Seasonal naive,product_id,23
2026-05-02,130.0,110.3,149.7,Seasonal naive,product_id,23
2026-05-03,98.0,78.3,117.7,Seasonal naive,product_id,23
2026-05-04,83.0,63.3,102.7,Seasonal naive,product_id,23
2026-05-05,89.0,69.3,108.7,Seasonal naive,product_id,23
2026-05-06,88.0,68.3,107.7,Seasonal naive,product_id,23
2026-05-07,94.0,74.3,113.7,Seasonal naive,product_id,23
2026-05-08,79.0,59.3,98.7,Seasonal naive,product_id,23
2026-05-09,130.0,110.3,149.7,Seasonal naive,product_id,23
2026-05-10,98.0,78.3,117.7,Seasonal naive,product_id,23
2026-05-11,83.0,63.3,102.7,Seasonal naive,product_id,23
2026-05-12,89.0,69.3,108.7,Seasonal naive,product_id,23
2026-05-13,88.0,68.3,107.7,Seasonal naive,product_id,23
2026-05-14,94.0,74.3,113.7,Seasonal naive,product_id,23
2026-05-01,81.83074619330556,55.21316316286668,108.44832922374444,Exponential smoothing,product_id,24
2026-05-02,81.83074619330556,55.21316316286668,108.44832922374444,Exponential smoothing,product_id,24
2026-05-03,81.83074619330556,55.21316316286668,108.44832922374444,Exponential smoothing,product_id,24
2026-05-04,81.83074619330556,55.21316316286668,108.44832922374444,Exponential smoothing,product_id,24
2026-05-05,81.83074619330556,55.21316316286668,108.44832922374444,Exponential smoothing,product_id,24
2026-05-06,81.83074619330556,55.21316316286668,108.44832922374444,Exponential smoothing,product_id,24
2026-05-07,81.83074619330556,55.21316316286668,108.44832922374444,Exponential smoothing,product_id,24
2026-05-08,81.83074619330556,55.21316316286668,108.44832922374444,Exponential smoothing,product_id,24
2026-05-09,81.83074619330556,55.21316316286668,108.44832922374444,Exponential smoothing,product_id,24
2026-05-10,81.83074619330556,55.21316316286668,108.44832922374444,Exponential smoothing,product_id,24
2026-05-11,81.83074619330556,55.21316316286668,108.44832922374444,Exponential smoothing,product_id,24
2026-05-12,81.83074619330556,55.21316316286668,108.44832922374444,Exponential smoothing,product_id,24
2026-05-13,81.83074619330556,55.21316316286668,108.44832922374444,Exponential smoothing,product_id,24
2026-05-14,81.83074619330556,55.21316316286668,108.44832922374444,Exponential smoothing,product_id,24
2026-05-01,79.71428571428571,60.71428571428571,98.71428571428571,Moving average,product_id,25
2026-05-02,79.71428571428571,60.71428571428571,98.71428571428571,Moving average,product_id,25
2026-05-03,79.71428571428571,60.71428571428571,98.71428571428571,Moving average,product_id,25
2026-05-04,79.71428571428571,60.71428571428571,98.71428571428571,Moving average,product_id,25
2026-05-05,79.71428571428571,60.71428571428571,98.71428571428571,Moving average,product_id,25
2026-05-06,79.71428571428571,60.71428571428571,98.71428571428571,Moving average,product_id,25
2026-05-07,79.71428571428571,60.71428571428571,98.71428571428571,Moving average,product_id,25
2026-05-08,79.71428571428571,60.71428571428571,98.71428571428571,Moving average,product_id,25
2026-05-09,79.71428571428571,60.71428571428571,98.71428571428571,Moving average,product_id,25
2026-05-10,79.71428571428571,60.71428571428571,98.71428571428571,Moving average,product_id,25
2026-05-11,79.71428571428571,60.71428571428571,98.71428571428571,Moving average,product_id,25
2026-05-12,79.71428571428571,60.71428571428571,98.71428571428571,Moving average,product_id,25
2026-05-13,79.71428571428571,60.71428571428571,98.71428571428571,Moving average,product_id,25
2026-05-14,79.71428571428571,60.71428571428571,98.71428571428571,Moving average,product_id,25
2026-05-01,80.0,60.3,99.7,Seasonal naive,product_id,26
2026-05-02,75.0,55.3,94.7,Seasonal naive,product_id,26
2026-05-03,92.0,72.3,111.7,Seasonal naive,product_id,26
2026-05-04,57.0,37.3,76.7,Seasonal naive,product_id,26
2026-05-05,61.0,41.3,80.7,Seasonal naive,product_id,26
2026-05-06,72.0,52.3,91.7,Seasonal naive,product_id,26
2026-05-07,76.0,56.3,95.7,Seasonal naive,product_id,26
2026-05-08,80.0,60.3,99.7,Seasonal naive,product_id,26
2026-05-09,75.0,55.3,94.7,Seasonal naive,product_id,26
2026-05-10,92.0,72.3,111.7,Seasonal naive,product_id,26
2026-05-11,57.0,37.3,76.7,Seasonal naive,product_id,26
2026-05-12,61.0,41.3,80.7,Seasonal naive,product_id,26
2026-05-13,72.0,52.3,91.7,Seasonal naive,product_id,26
2026-05-14,76.0,56.3,95.7,Seasonal naive,product_id,26
2026-05-01,103.0,84.6,121.4,Naive,product_id,27
2026-05-02,103.0,84.6,121.4,Naive,product_id,27
2026-05-03,103.0,84.6,121.4,Naive,product_id,27
2026-05-04,103.0,84.6,121.4,Naive,product_id,27
2026-05-05,103.0,84.6,121.4,Naive,product_id,27
2026-05-06,103.0,84.6,121.4,Naive,product_id,27
2026-05-07,103.0,84.6,121.4,Naive,product_id,27
2026-05-08,103.0,84.6,121.4,Naive,product_id,27
2026-05-09,103.0,84.6,121.4,Naive,product_id,27
2026-05-10,103.0,84.6,121.4,Naive,product_id,27
2026-05-11,103.0,84.6,121.4,Naive,product_id,27
2026-05-12,103.0,84.6,121.4,Naive,product_id,27
2026-05-13,103.0,84.6,121.4,Naive,product_id,27
2026-05-14,103.0,84.6,121.4,Naive,product_id,27
2026-05-01,75.18070527164551,54.032669994448455,96.32874054884256,Exponential smoothing,product_id,28
2026-05-02,75.18070527164551,54.032669994448455,96.32874054884256,Exponential smoothing,product_id,28
2026-05-03,75.18070527164551,54.032669994448455,96.32874054884256,Exponential smoothing,product_id,28
2026-05-04,75.18070527164551,54.032669994448455,96.32874054884256,Exponential smoothing,product_id,28
2026-05-05,75.18070527164551,54.032669994448455,96.32874054884256,Exponential smoothing,product_id,28
2026-05-06,75.18070527164551,54.032669994448455,96.32874054884256,Exponential smoothing,product_id,28
2026-05-07,75.18070527164551,54.032669994448455,96.32874054884256,Exponential smoothing,product_id,28
2026-05-08,75.18070527164551,54.032669994448455,96.32874054884256,Exponential smoothing,product_id,28
2026-05-09,75.18070527164551,54.032669994448455,96.32874054884256,Exponential smoothing,product_id,28
2026-05-10,75.18070527164551,54.032669994448455,96.32874054884256,Exponential smoothing,product_id,28
2026-05-11,75.18070527164551,54.032669994448455,96.32874054884256,Exponential smoothing,product_id,28
2026-05-12,75.18070527164551,54.032669994448455,96.32874054884256,Exponential smoothing,product_id,28
2026-05-13,75.18070527164551,54.032669994448455,96.32874054884256,Exponential smoothing,product_id,28
2026-05-14,75.18070527164551,54.032669994448455,96.32874054884256,Exponential smoothing,product_id,28
2026-05-01,67.0,50.44285714285714,83.55714285714285,Moving average,product_id,29
2026-05-02,67.0,50.44285714285714,83.55714285714285,Moving average,product_id,29
2026-05-03,67.0,50.44285714285714,83.55714285714285,Moving average,product_id,29
2026-05-04,67.0,50.44285714285714,83.55714285714285,Moving average,product_id,29
2026-05-05,67.0,50.44285714285714,83.55714285714285,Moving average,product_id,29
2026-05-06,67.0,50.44285714285714,83.55714285714285,Moving average,product_id,29
2026-05-07,67.0,50.44285714285714,83.55714285714285,Moving average,product_id,29
2026-05-08,67.0,50.44285714285714,83.55714285714285,Moving average,product_id,29
2026-05-09,67.0,50.44285714285714,83.55714285714285,Moving average,product_id,29
2026-05-10,67.0,50.44285714285714,83.55714285714285,Moving average,product_id,29
2026-05-11,67.0,50.44285714285714,83.55714285714285,Moving average,product_id,29
2026-05-12,67.0,50.44285714285714,83.55714285714285,Moving average,product_id,29
2026-05-13,67.0,50.44285714285714,83.55714285714285,Moving average,product_id,29
2026-05-14,67.0,50.44285714285714,83.55714285714285,Moving average,product_id,29
2026-05-01,66.9099986599477,45.09687108015484,88.72312623974057,Exponential smoothing,product_id,30
2026-05-02,66.9099986599477,45.09687108015484,88.72312623974057,Exponential smoothing,product_id,30
2026-05-03,66.9099986599477,45.09687108015484,88.72312623974057,Exponential smoothing,product_id,30
2026-05-04,66.9099986599477,45.09687108015484,88.72312623974057,Exponential smoothing,product_id,30
2026-05-05,66.9099986599477,45.09687108015484,88.72312623974057,Exponential smoothing,product_id,30
2026-05-06,66.9099986599477,45.09687108015484,88.72312623974057,Exponential smoothing,product_id,30
2026-05-07,66.9099986599477,45.09687108015484,88.72312623974057,Exponential smoothing,product_id,30
2026-05-08,66.9099986599477,45.09687108015484,88.72312623974057,Exponential smoothing,product_id,30
2026-05-09,66.9099986599477,45.09687108015484,88.72312623974057,Exponential smoothing,product_id,30
2026-05-10,66.9099986599477,45.09687108015484,88.72312623974057,Exponential smoothing,product_id,30
2026-05-11,66.9099986599477,45.09687108015484,88.72312623974057,Exponential smoothing,product_id,30
2026-05-12,66.9099986599477,45.09687108015484,88.72312623974057,Exponential smoothing,product_id,30
2026-05-13,66.9099986599477,45.09687108015484,88.72312623974057,Exponential smoothing,product_id,30
2026-05-14,66.9099986599477,45.09687108015484,88.72312623974057,Exponential smoothing,product_id,30
2026-05-01,79.71428571428571,58.04285714285713,101.38571428571429,Moving average,product_id,31
2026-05-02,79.71428571428571,58.04285714285713,101.38571428571429,Moving average,product_id,31
2026-05-03,79.71428571428571,58.04285714285713,101.38571428571429,Moving average,product_id,31
2026-05-04,79.71428571428571,58.04285714285713,101.38571428571429,Moving average,product_id,31
2026-05-05,79.71428571428571,58.04285714285713,101.38571428571429,Moving average,product_id,31
2026-05-06,79.71428571428571,58.04285714285713,101.38571428571429,Moving average,product_id,31
2026-05-07,79.71428571428571,58.04285714285713,101.38571428571429,Moving average,product_id,31
2026-05-08,79.71428571428571,58.04285714285713,101.38571428571429,Moving average,product_id,31
2026-05-09,79.71428571428571,58.04285714285713,101.38571428571429,Moving average,product_id,31
2026-05-10,79.71428571428571,58.04285714285713,101.38571428571429,Moving average,product_id,31
2026-05-11,79.71428571428571,58.04285714285713,101.38571428571429,Moving average,product_id,31
2026-05-12,79.71428571428571,58.04285714285713,101.38571428571429,Moving average,product_id,31
2026-05-13,79.71428571428571,58.04285714285713,101.38571428571429,Moving average,product_id,31
2026-05-14,79.71428571428571,58.04285714285713,101.38571428571429,Moving average,product_id,31
2026-05-01,61.142857142857146,42.971428571428575,79.31428571428572,Moving average,product_id,32
2026-05-02,61.142857142857146,42.971428571428575,79.31428571428572,Moving average,product_id,32
2026-05-03,61.142857142857146,42.971428571428575,79.31428571428572,Moving average,product_id,32
2026-05-04,61.142857142857146,42.971428571428575,79.31428571428572,Moving average,product_id,32
2026-05-05,61.142857142857146,42.971428571428575,79.31428571428572,Moving average,product_id,32
2026-05-06,61.142857142857146,42.971428571428575,79.31428571428572,Moving average,product_id,32
2026-05-07,61.142857142857146,42.971428571428575,79.31428571428572,Moving average,product_id,32
2026-05-08,61.142857142857146,42.971428571428575,79.31428571428572,Moving average,product_id,32
2026-05-09,61.142857142857146,42.971428571428575,79.31428571428572,Moving average,product_id,32
2026-05-10,61.142857142857146,42.971428571428575,79.31428571428572,Moving average,product_id,32
2026-05-11,61.142857142857146,42.971428571428575,79.31428571428572,Moving average,product_id,32
2026-05-12,61.142857142857146,42.971428571428575,79.31428571428572,Moving average,product_id,32
2026-05-13,61.142857142857146,42.971428571428575,79.31428571428572,Moving average,product_id,32
2026-05-14,61.142857142857146,42.971428571428575,79.31428571428572,Moving average,product_id,32
2026-05-01,51.0,31.69999999999999,70.30000000000001,Seasonal naive,product_id,33
2026-05-02,67.0,47.69999999999999,86.30000000000001,Seasonal naive,product_id,33
2026-05-03,67.0,47.69999999999999,86.30000000000001,Seasonal naive,product_id,33
2026-05-04,88.0,68.69999999999999,107.30000000000001,Seasonal naive,product_id,33
2026-05-05,55.0,35.69999999999999,74.30000000000001,Seasonal naive,product_id,33
2026-05-06,49.0,29.69999999999999,68.30000000000001,Seasonal naive,product_id,33
2026-05-07,46.0,26.69999999999999,65.30000000000001,Seasonal naive,product_id,33
2026-05-08,51.0,31.69999999999999,70.30000000000001,Seasonal naive,product_id,33
2026-05-09,67.0,47.69999999999999,86.30000000000001,Seasonal naive,product_id,33
2026-05-10,67.0,47.69999999999999,86.30000000000001,Seasonal naive,product_id,33
2026-05-11,88.0,68.69999999999999,107.30000000000001,Seasonal naive,product_id,33
2026-05-12,55.0,35.69999999999999,74.30000000000001,Seasonal naive,product_id,33
2026-05-13,49.0,29.69999999999999,68.30000000000001,Seasonal naive,product_id,33
2026-05-14,46.0,26.69999999999999,65.30000000000001,Seasonal naive,product_id,33
2026-05-01,60.0,38.3,81.7,Seasonal naive,product_id,34
2026-05-02,56.0,34.3,77.7,Seasonal naive,product_id,34
2026-05-03,69.0,47.3,90.7,Seasonal naive,product_id,34
2026-05-04,57.0,35.3,78.7,Seasonal naive,product_id,34
2026-05-05,69.0,47.3,90.7,Seasonal naive,product_id,34
2026-05-06,50.0,28.299999999999997,71.7,Seasonal naive,product_id,34
2026-05-07,55.0,33.3,76.7,Seasonal naive,product_id,34
2026-05-08,60.0,38.3,81.7,Seasonal naive,product_id,34
2026-05-09,56.0,34.3,77.7,Seasonal naive,product_id,34
2026-05-10,69.0,47.3,90.7,Seasonal naive,product_id,34
2026-05-11,57.0,35.3,78.7,Seasonal naive,product_id,34
2026-05-12,69.0,47.3,90.7,Seasonal naive,product_id,34
2026-05-13,50.0,28.299999999999997,71.7,Seasonal naive,product_id,34
2026-05-14,55.0,33.3,76.7,Seasonal naive,product_id,34
2026-05-01,58.714285714285715,49.42857142857143,68.0,Moving average,product_id,35
2026-05-02,58.714285714285715,49.42857142857143,68.0,Moving average,product_id,35
2026-05-03,58.714285714285715,49.42857142857143,68.0,Moving average,product_id,35
2026-05-04,58.714285714285715,49.42857142857143,68.0,Moving average,product_id,35
2026-05-05,58.714285714285715,49.42857142857143,68.0,Moving average,product_id,35
2026-05-06,58.714285714285715,49.42857142857143,68.0,Moving average,product_id,35
2026-05-07,58.714285714285715,49.42857142857143,68.0,Moving average,product_id,35
2026-05-08,58.714285714285715,49.42857142857143,68.0,Moving average,product_id,35
2026-05-09,58.714285714285715,49.42857142857143,68.0,Moving average,product_id,35
2026-05-10,58.714285714285715,49.42857142857143,68.0,Moving average,product_id,35
2026-05-11,58.714285714285715,49.42857142857143,68.0,Moving average,product_id,35
2026-05-12,58.714285714285715,49.42857142857143,68.0,Moving average,product_id,35
2026-05-13,58.714285714285715,49.42857142857143,68.0,Moving average,product_id,35
2026-05-14,58.714285714285715,49.42857142857143,68.0,Moving average,product_id,35
2026-05-01,51.42857142857143,41.01428571428571,61.84285714285715,Moving average,product_id,36
2026-05-02,51.42857142857143,41.01428571428571,61.84285714285715,Moving average,product_id,36
2026-05-03,51.42857142857143,41.01428571428571,61.84285714285715,Moving average,product_id,36
2026-05-04,51.42857142857143,41.01428571428571,61.84285714285715,Moving average,product_id,36
2026-05-05,51.42857142857143,41.01428571428571,61.84285714285715,Moving average,product_id,36
2026-05-06,51.42857142857143,41.01428571428571,61.84285714285715,Moving average,product_id,36
2026-05-07,51.42857142857143,41.01428571428571,61.84285714285715,Moving average,product_id,36
2026-05-08,51.42857142857143,41.01428571428571,61.84285714285715,Moving average,product_id,36
2026-05-09,51.42857142857143,41.01428571428571,61.84285714285715,Moving average,product_id,36
2026-05-10,51.42857142857143,41.01428571428571,61.84285714285715,Moving average,product_id,36
2026-05-11,51.42857142857143,41.01428571428571,61.84285714285715,Moving average,product_id,36
2026-05-12,51.42857142857143,41.01428571428571,61.84285714285715,Moving average,product_id,36
2026-05-13,51.42857142857143,41.01428571428571,61.84285714285715,Moving average,product_id,36
2026-05-14,51.42857142857143,41.01428571428571,61.84285714285715,Moving average,product_id,36
2026-05-01,53.857142857142854,42.8,64.91428571428571,Moving average,product_id,37
2026-05-02,53.857142857142854,42.8,64.91428571428571,Moving average,product_id,37
2026-05-03,53.857142857142854,42.8,64.91428571428571,Moving average,product_id,37
2026-05-04,53.857142857142854,42.8,64.91428571428571,Moving average,product_id,37
2026-05-05,53.857142857142854,42.8,64.91428571428571,Moving average,product_id,37
2026-05-06,53.857142857142854,42.8,64.91428571428571,Moving average,product_id,37
2026-05-07,53.857142857142854,42.8,64.91428571428571,Moving average,product_id,37
2026-05-08,53.857142857142854,42.8,64.91428571428571,Moving average,product_id,37
2026-05-09,53.857142857142854,42.8,64.91428571428571,Moving average,product_id,37
2026-05-10,53.857142857142854,42.8,64.91428571428571,Moving average,product_id,37
2026-05-11,53.857142857142854,42.8,64.91428571428571,Moving average,product_id,37
2026-05-12,53.857142857142854,42.8,64.91428571428571,Moving average,product_id,37
2026-05-13,53.857142857142854,42.8,64.91428571428571,Moving average,product_id,37
2026-05-14,53.857142857142854,42.8,64.91428571428571,Moving average,product_id,37
2026-05-01,36.0,15.599999999999987,56.40000000000001,Seasonal naive,product_id,38
2026-05-02,70.0,49.59999999999999,90.4,Seasonal naive,product_id,38
2026-05-03,67.0,46.59999999999999,87.4,Seasonal naive,product_id,38
2026-05-04,46.0,25.599999999999987,66.4,Seasonal naive,product_id,38
2026-05-05,52.0,31.599999999999987,72.4,Seasonal naive,product_id,38
2026-05-06,62.0,41.59999999999999,82.4,Seasonal naive,product_id,38
2026-05-07,43.0,22.599999999999987,63.40000000000001,Seasonal naive,product_id,38
2026-05-08,36.0,15.599999999999987,56.40000000000001,Seasonal naive,product_id,38
2026-05-09,70.0,49.59999999999999,90.4,Seasonal naive,product_id,38
2026-05-10,67.0,46.59999999999999,87.4,Seasonal naive,product_id,38
2026-05-11,46.0,25.599999999999987,66.4,Seasonal naive,product_id,38
2026-05-12,52.0,31.599999999999987,72.4,Seasonal naive,product_id,38
2026-05-13,62.0,41.59999999999999,82.4,Seasonal naive,product_id,38
2026-05-14,43.0,22.599999999999987,63.40000000000001,Seasonal naive,product_id,38
2026-05-01,42.0,29.9,54.1,Seasonal naive,product_id,39
2026-05-02,71.0,58.9,83.10000000000001,Seasonal naive,product_id,39
2026-05-03,52.0,39.9,64.10000000000001,Seasonal naive,product_id,39
2026-05-04,48.0,35.9,60.1,Seasonal naive,product_id,39
2026-05-05,39.0,26.9,51.1,Seasonal naive,product_id,39
2026-05-06,31.0,18.9,43.1,Seasonal naive,product_id,39
2026-05-07,61.0,48.9,73.10000000000001,Seasonal naive,product_id,39
2026-05-08,42.0,29.9,54.1,Seasonal naive,product_id,39
2026-05-09,71.0,58.9,83.10000000000001,Seasonal naive,product_id,39
2026-05-10,52.0,39.9,64.10000000000001,Seasonal naive,product_id,39
2026-05-11,48.0,35.9,60.1,Seasonal naive,product_id,39
2026-05-12,39.0,26.9,51.1,Seasonal naive,product_id,39
2026-05-13,31.0,18.9,43.1,Seasonal naive,product_id,39
2026-05-14,61.0,48.9,73.10000000000001,Seasonal naive,product_id,39
