priority,issue,store_id,product_id,evidence,operational_impact,financial_impact_inr,recommended_action,suggested_owner,suggested_timing
HIGH,Lead-time stock deficit,0,2,Stock 111; daily planning demand 81.86; lead 3 days; safety 50; failed replenishments 7,Unfulfilled future demand risk,60018.857142857145,Review reorder of 758 units; confirm inbound before placing order,Supply Chain Manager,Today
HIGH,Lead-time stock deficit,0,3,Stock 118; daily planning demand 67.18; lead 5 days; safety 52; failed replenishments 4,Unfulfilled future demand risk,88246.60714285716,Review reorder of 741 units; confirm inbound before placing order,Supply Chain Manager,Today
HIGH,Lead-time stock deficit,0,7,Stock 79; daily planning demand 33.71; lead 5 days; safety 30; failed replenishments 8,Unfulfilled future demand risk,68522.14285714287,Review reorder of 356 units; confirm inbound before placing order,Supply Chain Manager,Today
CRITICAL,Lead-time stock deficit,0,8,Stock 8; daily planning demand 35.57; lead 1 days; safety 14; failed replenishments 9,Unfulfilled future demand risk,2895.0,Review reorder of 291 units; confirm inbound before placing order,Supply Chain Manager,Today
CRITICAL,Lead-time stock deficit,0,9,Stock 0; daily planning demand 28.71; lead 2 days; safety 17; failed replenishments 10,Unfulfilled future demand risk,10337.142857142857,Review reorder of 276 units; confirm inbound before placing order,Supply Chain Manager,Today
CRITICAL,Lead-time stock deficit,0,10,Stock 5; daily planning demand 29.86; lead 3 days; safety 24; failed replenishments 3,Unfulfilled future demand risk,37718.857142857145,Review reorder of 318 units; confirm inbound before placing order,Supply Chain Manager,Today
HIGH,Lead-time stock deficit,0,11,Stock 51; daily planning demand 24.07; lead 5 days; safety 26; failed replenishments 11,Unfulfilled future demand risk,17686.07142857143,Review reorder of 264 units; confirm inbound before placing order,Supply Chain Manager,Today
CRITICAL,Lead-time stock deficit,0,12,Stock 0; daily planning demand 25.86; lead 1 days; safety 10; failed replenishments 6,Unfulfilled future demand risk,3077.0,Review reorder of 217 units; confirm inbound before placing order,Supply Chain Manager,Today
CRITICAL,Lead-time stock deficit,0,13,Stock 13; daily planning demand 19.25; lead 2 days; safety 14; failed replenishments 11,Unfulfilled future demand risk,5202.0,Review reorder of 175 units; confirm inbound before placing order,Supply Chain Manager,Today
HIGH,Lead-time stock deficit,0,14,Stock 35; daily planning demand 19.14; lead 3 days; safety 15; failed replenishments 7,Unfulfilled future demand risk,8388.285714285716,Review reorder of 172 units; confirm inbound before placing order,Supply Chain Manager,Today
CRITICAL,Lead-time stock deficit,0,15,Stock 19; daily planning demand 18.43; lead 5 days; safety 21; failed replenishments 10,Unfulfilled future demand risk,18651.42857142857,Review reorder of 224 units; confirm inbound before placing order,Supply Chain Manager,Today
CRITICAL,Lead-time stock deficit,0,16,Stock 0; daily planning demand 20.43; lead 1 days; safety 10; failed replenishments 10,Unfulfilled future demand risk,1920.2857142857142,Review reorder of 174 units; confirm inbound before placing order,Supply Chain Manager,Today
HIGH,Lead-time stock deficit,0,18,Stock 26; daily planning demand 15.57; lead 3 days; safety 13; failed replenishments 11,Unfulfilled future demand risk,11620.714285714286,Review reorder of 143 units; confirm inbound before placing order,Supply Chain Manager,Today
CRITICAL,Lead-time stock deficit,0,19,Stock 11; daily planning demand 13.89; lead 5 days; safety 20; failed replenishments 9,Unfulfilled future demand risk,35546.28571428571,Review reorder of 176 units; confirm inbound before placing order,Supply Chain Manager,Today
CRITICAL,Lead-time stock deficit,0,20,Stock 0; daily planning demand 13.36; lead 1 days; safety 9; failed replenishments 8,Unfulfilled future demand risk,1896.7142857142858,Review reorder of 116 units; confirm inbound before placing order,Supply Chain Manager,Today
HIGH,Lead-time stock deficit,0,23,Stock 32; daily planning demand 12.43; lead 5 days; safety 17; failed replenishments 8,Unfulfilled future demand risk,23059.285714285717,Review reorder of 135 units; confirm inbound before placing order,Supply Chain Manager,Today
CRITICAL,Lead-time stock deficit,0,26,Stock 0; daily planning demand 12.29; lead 3 days; safety 13; failed replenishments 8,Unfulfilled future demand risk,16438.285714285717,Review reorder of 136 units; confirm inbound before placing order,Supply Chain Manager,Today
CRITICAL,Lead-time stock deficit,0,27,Stock 9; daily planning demand 11.00; lead 5 days; safety 13; failed replenishments 9,Unfulfilled future demand risk,23460.0,Review reorder of 136 units; confirm inbound before placing order,Supply Chain Manager,Today
HIGH,Lead-time stock deficit,0,28,Stock 8; daily planning demand 11.29; lead 1 days; safety 8; failed replenishments 11,Unfulfilled future demand risk,154.42857142857147,Review reorder of 91 units; confirm inbound before placing order,Supply Chain Manager,Today
CRITICAL,Lead-time stock deficit,0,30,Stock 7; daily planning demand 11.43; lead 3 days; safety 12; failed replenishments 8,Unfulfilled future demand risk,12169.42857142857,Review reorder of 120 units; confirm inbound before placing order,Supply Chain Manager,Today
HIGH,Lead-time stock deficit,0,31,Stock 19; daily planning demand 8.96; lead 5 days; safety 16; failed replenishments 9,Unfulfilled future demand risk,3873.2142857142853,Review reorder of 105 units; confirm inbound before placing order,Supply Chain Manager,Today
CRITICAL,Lead-time stock deficit,0,37,Stock 5; daily planning demand 8.14; lead 2 days; safety 8; failed replenishments 8,Unfulfilled future demand risk,1151.142857142857,Review reorder of 77 units; confirm inbound before placing order,Supply Chain Manager,Today
HIGH,Lead-time stock deficit,0,38,Stock 13; daily planning demand 6.71; lead 3 days; safety 10; failed replenishments 9,Unfulfilled future demand risk,1571.4285714285713,Review reorder of 65 units; confirm inbound before placing order,Supply Chain Manager,Today
HIGH,Lead-time stock deficit,0,39,Stock 17; daily planning demand 6.39; lead 5 days; safety 12; failed replenishments 11,Unfulfilled future demand risk,9098.285714285716,Review reorder of 72 units; confirm inbound before placing order,Supply Chain Manager,Today
HIGH,Lead-time stock deficit,1,3,Stock 117; daily planning demand 64.36; lead 5 days; safety 53; failed replenishments 6,Unfulfilled future demand risk,82938.2142857143,Review reorder of 709 units; confirm inbound before placing order,Supply Chain Manager,Today
HIGH,Lead-time stock deficit,1,6,Stock 55; daily planning demand 41.00; lead 3 days; safety 25; failed replenishments 9,Unfulfilled future demand risk,14960.0,Review reorder of 380 units; confirm inbound before placing order,Supply Chain Manager,Today
CRITICAL,Lead-time stock deficit,1,7,Stock 25; daily planning demand 34.50; lead 5 days; safety 29; failed replenishments 8,Unfulfilled future demand risk,112837.5,Review reorder of 418 units; confirm inbound before placing order,Supply Chain Manager,Today
CRITICAL,Lead-time stock deficit,1,11,Stock 0; daily planning demand 24.50; lead 5 days; safety 21; failed replenishments 10,Unfulfilled future demand risk,31237.5,Review reorder of 315 units; confirm inbound before placing order,Supply Chain Manager,Today
HIGH,Lead-time stock deficit,1,14,Stock 32; daily planning demand 19.86; lead 3 days; safety 22; failed replenishments 2,Unfulfilled future demand risk,10311.714285714284,Review reorder of 189 units; confirm inbound before placing order,Supply Chain Manager,Today
CRITICAL,Lead-time stock deficit,1,15,Stock 1; daily planning demand 18.32; lead 5 days; safety 20; failed replenishments 5,Unfulfilled future demand risk,23104.82142857143,Review reorder of 239 units; confirm inbound before placing order,Supply Chain Manager,Today
HIGH,Lead-time stock deficit,1,18,Stock 27; daily planning demand 15.04; lead 3 days; safety 12; failed replenishments 6,Unfulfilled future demand risk,10158.107142857145,Review reorder of 136 units; confirm inbound before placing order,Supply Chain Manager,Today
HIGH,Lead-time stock deficit,1,19,Stock 39; daily planning demand 13.89; lead 5 days; safety 22; failed replenishments 5,Unfulfilled future demand risk,18522.28571428571,Review reorder of 150 units; confirm inbound before placing order,Supply Chain Manager,Today
HIGH,Lead-time stock deficit,1,22,Stock 18; daily planning demand 13.29; lead 3 days; safety 14; failed replenishments 10,Unfulfilled future demand risk,4808.571428571429,Review reorder of 129 units; confirm inbound before placing order,Supply Chain Manager,Today
HIGH,Lead-time stock deficit,1,23,Stock 37; daily planning demand 11.29; lead 5 days; safety 19; failed replenishments 4,Unfulfilled future demand risk,14862.857142857145,Review reorder of 118 units; confirm inbound before placing order,Supply Chain Manager,Today
HIGH,Lead-time stock deficit,1,27,Stock 18; daily planning demand 8.86; lead 5 days; safety 14; failed replenishments 6,Unfulfilled future demand risk,13405.714285714288,Review reorder of 103 units; confirm inbound before placing order,Supply Chain Manager,Today
HIGH,Lead-time stock deficit,1,30,Stock 17; daily planning demand 8.21; lead 3 days; safety 10; failed replenishments 3,Unfulfilled future demand risk,3408.714285714284,Review reorder of 76 units; confirm inbound before placing order,Supply Chain Manager,Today
HIGH,Lead-time stock deficit,1,31,Stock 25; daily planning demand 9.14; lead 5 days; safety 17; failed replenishments 4,Unfulfilled future demand risk,3107.1428571428564,Review reorder of 102 units; confirm inbound before placing order,Supply Chain Manager,Today
HIGH,Lead-time stock deficit,1,34,Stock 11; daily planning demand 7.11; lead 3 days; safety 9; failed replenishments 7,Unfulfilled future demand risk,5790.3214285714275,Review reorder of 70 units; confirm inbound before placing order,Supply Chain Manager,Today
HIGH,Lead-time stock deficit,1,35,Stock 12; daily planning demand 6.71; lead 5 days; safety 9; failed replenishments 12,Unfulfilled future demand risk,6471.428571428571,Review reorder of 78 units; confirm inbound before placing order,Supply Chain Manager,Today
HIGH,Lead-time stock deficit,1,39,Stock 19; daily planning demand 6.50; lead 5 days; safety 12; failed replenishments 5,Unfulfilled future demand risk,8208.0,Review reorder of 71 units; confirm inbound before placing order,Supply Chain Manager,Today
CRITICAL,Lead-time stock deficit,2,0,Stock 0; daily planning demand 152.14; lead 1 days; safety 40; failed replenishments 9,Unfulfilled future demand risk,5325.0,Review reorder of 1258 units; confirm inbound before placing order,Supply Chain Manager,Today
CRITICAL,Lead-time stock deficit,2,6,Stock 1; daily planning demand 37.79; lead 3 days; safety 31; failed replenishments 7,Unfulfilled future demand risk,24718.57142857143,Review reorder of 408 units; confirm inbound before placing order,Supply Chain Manager,Today
CRITICAL,Lead-time stock deficit,2,7,Stock 33; daily planning demand 37.29; lead 5 days; safety 32; failed replenishments 5,Unfulfilled future demand risk,117372.85714285713,Review reorder of 447 units; confirm inbound before placing order,Supply Chain Manager,Today
HIGH,Lead-time stock deficit,2,9,Stock 36; daily planning demand 30.00; lead 2 days; safety 20; failed replenishments 8,Unfulfilled future demand risk,4320.0,Review reorder of 254 units; confirm inbound before placing order,Supply Chain Manager,Today
HIGH,Lead-time stock deficit,2,11,Stock 46; daily planning demand 23.86; lead 5 days; safety 26; failed replenishments 8,Unfulfilled future demand risk,18687.857142857145,Review reorder of 267 units; confirm inbound before placing order,Supply Chain Manager,Today
CRITICAL,Lead-time stock deficit,2,15,Stock 1; daily planning demand 19.64; lead 5 days; safety 20; failed replenishments 7,Unfulfilled future demand risk,24789.642857142855,Review reorder of 255 units; confirm inbound before placing order,Supply Chain Manager,Today
CRITICAL,Lead-time stock deficit,2,19,Stock 13; daily planning demand 13.71; lead 5 days; safety 17; failed replenishments 2,Unfulfilled future demand risk,33787.42857142857,Review reorder of 169 units; confirm inbound before placing order,Supply Chain Manager,Today
HIGH,Lead-time stock deficit,2,22,Stock 19; daily planning demand 13.14; lead 3 days; safety 11; failed replenishments 8,Unfulfilled future demand risk,4494.285714285715,Review reorder of 124 units; confirm inbound before placing order,Supply Chain Manager,Today
HIGH,Lead-time stock deficit,2,23,Stock 26; daily planning demand 10.89; lead 5 days; safety 18; failed replenishments 5,Unfulfilled future demand risk,21775.178571428565,Review reorder of 123 units; confirm inbound before placing order,Supply Chain Manager,Today
HIGH,Lead-time stock deficit,2,25,Stock 12; daily planning demand 9.14; lead 2 days; safety 8; failed replenishments 6,Unfulfilled future demand risk,509.14285714285705,Review reorder of 79 units; confirm inbound before placing order,Supply Chain Manager,Today
HIGH,Lead-time stock deficit,2,27,Stock 26; daily planning demand 9.18; lead 5 days; safety 14; failed replenishments 8,Unfulfilled future demand risk,10145.357142857145,Review reorder of 99 units; confirm inbound before placing order,Supply Chain Manager,Today
CRITICAL,Lead-time stock deficit,2,28,Stock 0; daily planning demand 11.00; lead 1 days; safety 8; failed replenishments 5,Unfulfilled future demand risk,517.0,Review reorder of 96 units; confirm inbound before placing order,Supply Chain Manager,Today
CRITICAL,Lead-time stock deficit,2,30,Stock 9; daily planning demand 9.57; lead 3 days; safety 11; failed replenishments 4,Unfulfilled future demand risk,8792.57142857143,Review reorder of 98 units; confirm inbound before placing order,Supply Chain Manager,Today
CRITICAL,Lead-time stock deficit,2,31,Stock 0; daily planning demand 10.43; lead 5 days; safety 15; failed replenishments 8,Unfulfilled future demand risk,7821.428571428572,Review reorder of 141 units; confirm inbound before placing order,Supply Chain Manager,Today
HIGH,Lead-time stock deficit,2,32,Stock 7; daily planning demand 8.43; lead 1 days; safety 7; failed replenishments 6,Unfulfilled future demand risk,100.00000000000001,Review reorder of 68 units; confirm inbound before placing order,Supply Chain Manager,Today
HIGH,Lead-time stock deficit,2,33,Stock 7; daily planning demand 7.57; lead 2 days; safety 8; failed replenishments 9,Unfulfilled future demand risk,659.5714285714286,Review reorder of 70 units; confirm inbound before placing order,Supply Chain Manager,Today
HIGH,Lead-time stock deficit,2,34,Stock 17; daily planning demand 7.82; lead 3 days; safety 11; failed replenishments 4,Unfulfilled future demand risk,3626.4642857142862,Review reorder of 73 units; confirm inbound before placing order,Supply Chain Manager,Today
CRITICAL,Lead-time stock deficit,2,35,Stock 2; daily planning demand 9.86; lead 5 days; safety 12; failed replenishments 6,Unfulfilled future demand risk,14185.714285714288,Review reorder of 129 units; confirm inbound before placing order,Supply Chain Manager,Today
CRITICAL,Lead-time stock deficit,2,37,Stock 3; daily planning demand 7.86; lead 2 days; safety 7; failed replenishments 5,Unfulfilled future demand risk,1296.857142857143,Review reorder of 75 units; confirm inbound before placing order,Supply Chain Manager,Today
HIGH,Lead-time stock deficit,2,38,Stock 12; daily planning demand 7.43; lead 3 days; safety 13; failed replenishments 10,Unfulfilled future demand risk,2262.8571428571427,Review reorder of 76 units; confirm inbound before placing order,Supply Chain Manager,Today
HIGH,Lead-time stock deficit,2,39,Stock 18; daily planning demand 6.54; lead 5 days; safety 13; failed replenishments 3,Unfulfilled future demand risk,8924.57142857143,Review reorder of 74 units; confirm inbound before placing order,Supply Chain Manager,Today
CRITICAL,Lead-time stock deficit,3,3,Stock 81; daily planning demand 70.43; lead 5 days; safety 43; failed replenishments 4,Unfulfilled future demand risk,109812.85714285716,Review reorder of 808 units; confirm inbound before placing order,Supply Chain Manager,Today
HIGH,Lead-time stock deficit,3,6,Stock 53; daily planning demand 42.89; lead 3 days; safety 33; failed replenishments 9,Unfulfilled future demand risk,16649.285714285717,Review reorder of 409 units; confirm inbound before placing order,Supply Chain Manager,Today
CRITICAL,Lead-time stock deficit,3,7,Stock 38; daily planning demand 38.29; lead 5 days; safety 30; failed replenishments 3,Unfulfilled future demand risk,117372.85714285713,Review reorder of 452 units; confirm inbound before placing order,Supply Chain Manager,Today
CRITICAL,Lead-time stock deficit,3,11,Stock 0; daily planning demand 25.43; lead 5 days; safety 20; failed replenishments 4,Unfulfilled future demand risk,32421.42857142857,Review reorder of 326 units; confirm inbound before placing order,Supply Chain Manager,Today
HIGH,Lead-time stock deficit,3,15,Stock 38; daily planning demand 17.71; lead 5 days; safety 20; failed replenishments 3,Unfulfilled future demand risk,12895.714285714288,Review reorder of 195 units; confirm inbound before placing order,Supply Chain Manager,Today
CRITICAL,Lead-time stock deficit,3,18,Stock 14; daily planning demand 17.14; lead 3 days; safety 10; failed replenishments 7,Unfulfilled future demand risk,20997.428571428572,Review reorder of 168 units; confirm inbound before placing order,Supply Chain Manager,Today
CRITICAL,Lead-time stock deficit,3,19,Stock 14; daily planning demand 14.00; lead 5 days; safety 18; failed replenishments 4,Unfulfilled future demand risk,34048.0,Review reorder of 172 units; confirm inbound before placing order,Supply Chain Manager,Today
CRITICAL,Lead-time stock deficit,3,23,Stock 11; daily planning demand 13.71; lead 5 days; safety 16; failed replenishments 6,Unfulfilled future demand risk,44042.142857142855,Review reorder of 170 units; confirm inbound before placing order,Supply Chain Manager,Today
HIGH,Lead-time stock deficit,3,26,Stock 19; daily planning demand 9.93; lead 3 days; safety 15; failed replenishments 5,Unfulfilled future demand risk,4810.428571428571,Review reorder of 96 units; confirm inbound before placing order,Supply Chain Manager,Today
CRITICAL,Lead-time stock deficit,3,27,Stock 11; daily planning demand 8.89; lead 5 days; safety 14; failed replenishments 3,Unfulfilled future demand risk,17066.78571428571,Review reorder of 110 units; confirm inbound before placing order,Supply Chain Manager,Today
HIGH,Lead-time stock deficit,3,30,Stock 11; daily planning demand 8.89; lead 3 days; safety 12; failed replenishments 3,Unfulfilled future demand risk,6992.642857142857,Review reorder of 90 units; confirm inbound before placing order,Supply Chain Manager,Today
CRITICAL,Lead-time stock deficit,3,31,Stock 7; daily planning demand 11.43; lead 5 days; safety 16; failed replenishments 7,Unfulfilled future demand risk,7521.428571428572,Review reorder of 147 units; confirm inbound before placing order,Supply Chain Manager,Today
HIGH,Lead-time stock deficit,3,33,Stock 11; daily planning demand 9.43; lead 2 days; safety 9; failed replenishments 5,Unfulfilled future demand risk,636.4285714285714,Review reorder of 83 units; confirm inbound before placing order,Supply Chain Manager,Today
HIGH,Lead-time stock deficit,3,34,Stock 14; daily planning demand 8.00; lead 3 days; safety 10; failed replenishments 2,Unfulfilled future demand risk,5610.0,Review reorder of 76 units; confirm inbound before placing order,Supply Chain Manager,Today
CRITICAL,Lead-time stock deficit,3,35,Stock 8; daily planning demand 8.14; lead 5 days; safety 14; failed replenishments 6,Unfulfilled future demand risk,9814.285714285712,Review reorder of 104 units; confirm inbound before placing order,Supply Chain Manager,Today
HIGH,Lead-time stock deficit,3,37,Stock 11; daily planning demand 8.29; lead 2 days; safety 9; failed replenishments 3,Unfulfilled future demand risk,568.2857142857144,Review reorder of 73 units; confirm inbound before placing order,Supply Chain Manager,Today
CRITICAL,Lead-time stock deficit,3,38,Stock 7; daily planning demand 8.57; lead 3 days; safety 9; failed replenishments 4,Unfulfilled future demand risk,4117.142857142858,Review reorder of 88 units; confirm inbound before placing order,Supply Chain Manager,Today
CRITICAL,Lead-time stock deficit,3,39,Stock 4; daily planning demand 6.54; lead 5 days; safety 10; failed replenishments 1,Unfulfilled future demand risk,17436.57142857143,Review reorder of 85 units; confirm inbound before placing order,Supply Chain Manager,Today
HIGH,Lead-time stock deficit,4,2,Stock 90; daily planning demand 88.29; lead 3 days; safety 56; failed replenishments 6,Unfulfilled future demand risk,77986.28571428572,Review reorder of 849 units; confirm inbound before placing order,Supply Chain Manager,Today
CRITICAL,Lead-time stock deficit,4,3,Stock 16; daily planning demand 67.00; lead 5 days; safety 38; failed replenishments 3,Unfulfilled future demand risk,129195.0,Review reorder of 826 units; confirm inbound before placing order,Supply Chain Manager,Today
CRITICAL,Lead-time stock deficit,4,7,Stock 33; daily planning demand 37.14; lead 5 days; safety 39; failed replenishments 5,Unfulfilled future demand risk,116826.42857142858,Review reorder of 452 units; confirm inbound before placing order,Supply Chain Manager,Today
HIGH,Lead-time stock deficit,4,11,Stock 43; daily planning demand 22.57; lead 5 days; safety 22; failed replenishments 3,Unfulfilled future demand risk,17813.57142857143,Review reorder of 250 units; confirm inbound before placing order,Supply Chain Manager,Today
CRITICAL,Lead-time stock deficit,4,14,Stock 0; daily planning demand 22.86; lead 3 days; safety 18; failed replenishments 5,Unfulfilled future demand risk,25645.714285714286,Review reorder of 247 units; confirm inbound before placing order,Supply Chain Manager,Today
CRITICAL,Lead-time stock deficit,4,15,Stock 23; daily planning demand 17.86; lead 5 days; safety 23; failed replenishments 8,Unfulfilled future demand risk,16902.857142857145,Review reorder of 215 units; confirm inbound before placing order,Supply Chain Manager,Today
HIGH,Lead-time stock deficit,4,18,Stock 23; daily planning demand 15.79; lead 3 days; safety 18; failed replenishments 5,Unfulfilled future demand risk,13664.357142857145,Review reorder of 153 units; confirm inbound before placing order,Supply Chain Manager,Today
HIGH,Lead-time stock deficit,4,19,Stock 30; daily planning demand 14.46; lead 5 days; safety 14; failed replenishments 1,Unfulfilled future demand risk,25731.42857142857,Review reorder of 158 units; confirm inbound before placing order,Supply Chain Manager,Today
HIGH,Lead-time stock deficit,4,22,Stock 17; daily planning demand 13.43; lead 3 days; safety 12; failed replenishments 4,Unfulfilled future demand risk,5122.857142857142,Review reorder of 130 units; confirm inbound before placing order,Supply Chain Manager,Today
CRITICAL,Lead-time stock deficit,4,23,Stock 11; daily planning demand 13.71; lead 5 days; safety 19; failed replenishments 3,Unfulfilled future demand risk,44042.142857142855,Review reorder of 173 units; confirm inbound before placing order,Supply Chain Manager,Today
CRITICAL,Lead-time stock deficit,4,27,Stock 0; daily planning demand 12.29; lead 5 days; safety 15; failed replenishments 2,Unfulfilled future demand risk,31328.57142857143,Review reorder of 163 units; confirm inbound before placing order,Supply Chain Manager,Today
CRITICAL,Lead-time stock deficit,4,31,Stock 5; daily planning demand 12.00; lead 5 days; safety 17; failed replenishments 5,Unfulfilled future demand risk,8250.0,Review reorder of 156 units; confirm inbound before placing order,Supply Chain Manager,Today
HIGH,Lead-time stock deficit,4,35,Stock 15; daily planning demand 6.79; lead 5 days; safety 12; failed replenishments 5,Unfulfilled future demand risk,5678.571428571429,Review reorder of 79 units; confirm inbound before placing order,Supply Chain Manager,Today
CRITICAL,Lead-time stock deficit,4,38,Stock 7; daily planning demand 7.00; lead 3 days; safety 10; failed replenishments 5,Unfulfilled future demand risk,3080.0,Review reorder of 73 units; confirm inbound before placing order,Supply Chain Manager,Today
CRITICAL,Lead-time stock deficit,4,39,Stock 10; daily planning demand 6.00; lead 5 days; safety 12; failed replenishments 2,Unfulfilled future demand risk,12160.0,Review reorder of 74 units; confirm inbound before placing order,Supply Chain Manager,Today
CRITICAL,Lead-time stock deficit,5,3,Stock 85; daily planning demand 66.57; lead 5 days; safety 50; failed replenishments 4,Unfulfilled future demand risk,100382.14285714284,Review reorder of 764 units; confirm inbound before placing order,Supply Chain Manager,Today
HIGH,Lead-time stock deficit,5,6,Stock 69; daily planning demand 44.57; lead 3 days; safety 28; failed replenishments 1,Unfulfilled future demand risk,14237.142857142859,Review reorder of 405 units; confirm inbound before placing order,Supply Chain Manager,Today
HIGH,Lead-time stock deficit,5,7,Stock 71; daily planning demand 34.11; lead 5 days; safety 28; failed replenishments 3,Unfulfilled future demand risk,76144.82142857142,Review reorder of 367 units; confirm inbound before placing order,Supply Chain Manager,Today
HIGH,Lead-time stock deficit,5,10,Stock 31; daily planning demand 31.57; lead 3 days; safety 20; failed replenishments 5,Unfulfilled future demand risk,28416.57142857143,Review reorder of 305 units; confirm inbound before placing order,Supply Chain Manager,Today
CRITICAL,Lead-time stock deficit,5,11,Stock 34; daily planning demand 24.29; lead 5 days; safety 23; failed replenishments 4,Unfulfilled future demand risk,22294.28571428571,Review reorder of 281 units; confirm inbound before placing order,Supply Chain Manager,Today
CRITICAL,Lead-time stock deficit,5,15,Stock 3; daily planning demand 21.00; lead 5 days; safety 19; failed replenishments 2,Unfulfilled future demand risk,26010.0,Review reorder of 268 units; confirm inbound before placing order,Supply Chain Manager,Today
HIGH,Lead-time stock deficit,5,18,Stock 23; daily planning demand 16.43; lead 3 days; safety 16; failed replenishments 2,Unfulfilled future demand risk,14746.28571428571,Review reorder of 158 units; confirm inbound before placing order,Supply Chain Manager,Today
HIGH,Lead-time stock deficit,5,19,Stock 24; daily planning demand 13.43; lead 5 days; safety 15; failed replenishments 1,Unfulfilled future demand risk,26230.85714285714,Review reorder of 153 units; confirm inbound before placing order,Supply Chain Manager,Today
HIGH,Lead-time stock deficit,5,21,Stock 14; daily planning demand 13.89; lead 2 days; safety 14; failed replenishments 3,Unfulfilled future demand risk,3349.928571428571,Review reorder of 126 units; confirm inbound before placing order,Supply Chain Manager,Today
HIGH,Lead-time stock deficit,5,22,Stock 20; daily planning demand 12.43; lead 3 days; safety 10; failed replenishments 3,Unfulfilled future demand risk,3802.8571428571427,Review reorder of 115 units; confirm inbound before placing order,Supply Chain Manager,Today
CRITICAL,Lead-time stock deficit,5,23,Stock 16; daily planning demand 12.71; lead 5 days; safety 17; failed replenishments 0,Unfulfilled future demand risk,36392.142857142855,Review reorder of 154 units; confirm inbound before placing order,Supply Chain Manager,Today
HIGH,Lead-time stock deficit,5,25,Stock 15; daily planning demand 10.71; lead 2 days; safety 9; failed replenishments 3,Unfulfilled future demand risk,520.7142857142856,Review reorder of 91 units; confirm inbound before placing order,Supply Chain Manager,Today
CRITICAL,Lead-time stock deficit,5,27,Stock 3; daily planning demand 11.00; lead 5 days; safety 12; failed replenishments 4,Unfulfilled future demand risk,26520.0,Review reorder of 141 units; confirm inbound before placing order,Supply Chain Manager,Today
HIGH,Lead-time stock deficit,5,29,Stock 8; daily planning demand 9.71; lead 2 days; safety 9; failed replenishments 5,Unfulfilled future demand risk,1851.428571428571,Review reorder of 89 units; confirm inbound before placing order,Supply Chain Manager,Today
HIGH,Lead-time stock deficit,5,31,Stock 21; daily planning demand 7.75; lead 5 days; safety 17; failed replenishments 2,Unfulfilled future demand risk,2662.5,Review reorder of 89 units; confirm inbound before placing order,Supply Chain Manager,Today
CRITICAL,Lead-time stock deficit,5,34,Stock 0; daily planning demand 8.71; lead 3 days; safety 10; failed replenishments 5,Unfulfilled future demand risk,14666.142857142855,Review reorder of 98 units; confirm inbound before placing order,Supply Chain Manager,Today
HIGH,Lead-time stock deficit,5,35,Stock 20; daily planning demand 7.86; lead 5 days; safety 15; failed replenishments 1,Unfulfilled future demand risk,5785.714285714285,Review reorder of 90 units; confirm inbound before placing order,Supply Chain Manager,Today
CRITICAL,Lead-time stock deficit,5,39,Stock 10; daily planning demand 6.36; lead 5 days; safety 11; failed replenishments 3,Unfulfilled future demand risk,13245.714285714284,Review reorder of 78 units; confirm inbound before placing order,Supply Chain Manager,Today
HIGH,Lead-time stock deficit,6,2,Stock 153; daily planning demand 89.86; lead 3 days; safety 45; failed replenishments 2,Unfulfilled future demand risk,51990.85714285714,Review reorder of 791 units; confirm inbound before placing order,Supply Chain Manager,Today
CRITICAL,Lead-time stock deficit,6,3,Stock 42; daily planning demand 64.61; lead 5 days; safety 49; failed replenishments 3,Unfulfilled future demand risk,113819.4642857143,Review reorder of 783 units; confirm inbound before placing order,Supply Chain Manager,Today
HIGH,Lead-time stock deficit,6,6,Stock 55; daily planning demand 43.86; lead 3 days; safety 25; failed replenishments 2,Unfulfilled future demand risk,16845.714285714283,Review reorder of 409 units; confirm inbound before placing order,Supply Chain Manager,Today
HIGH,Lead-time stock deficit,6,7,Stock 82; daily planning demand 33.86; lead 5 days; safety 31; failed replenishments 1,Unfulfilled future demand risk,66773.57142857142,Review reorder of 356 units; confirm inbound before placing order,Supply Chain Manager,Today
CRITICAL,Lead-time stock deficit,6,11,Stock 24; daily planning demand 25.14; lead 5 days; safety 29; failed replenishments 1,Unfulfilled future demand risk,25937.142857142855,Review reorder of 307 units; confirm inbound before placing order,Supply Chain Manager,Today
HIGH,Lead-time stock deficit,6,14,Stock 37; daily planning demand 20.71; lead 3 days; safety 16; failed replenishments 4,Unfulfilled future demand risk,9403.428571428572,Review reorder of 187 units; confirm inbound before placing order,Supply Chain Manager,Today
CRITICAL,Lead-time stock deficit,6,15,Stock 27; daily planning demand 17.79; lead 5 days; safety 22; failed replenishments 2,Unfulfilled future demand risk,15791.785714285712,Review reorder of 209 units; confirm inbound before placing order,Supply Chain Manager,Today
CRITICAL,Lead-time stock deficit,6,19,Stock 21; daily planning demand 13.79; lead 5 days; safety 20; failed replenishments 1,Unfulfilled future demand risk,29140.57142857143,Review reorder of 165 units; confirm inbound before placing order,Supply Chain Manager,Today
CRITICAL,Lead-time stock deficit,6,23,Stock 0; daily planning demand 13.00; lead 5 days; safety 16; failed replenishments 2,Unfulfilled future demand risk,49725.0,Review reorder of 172 units; confirm inbound before placing order,Supply Chain Manager,Today
CRITICAL,Lead-time stock deficit,6,27,Stock 10; daily planning demand 9.86; lead 5 days; safety 17; failed replenishments 1,Unfulfilled future demand risk,20035.71428571429,Review reorder of 126 units; confirm inbound before placing order,Supply Chain Manager,Today
HIGH,Lead-time stock deficit,6,30,Stock 17; daily planning demand 9.29; lead 3 days; safety 9; failed replenishments 1,Unfulfilled future demand risk,4842.2857142857165,Review reorder of 85 units; confirm inbound before placing order,Supply Chain Manager,Today
CRITICAL,Lead-time stock deficit,6,31,Stock 0; daily planning demand 12.14; lead 5 days; safety 17; failed replenishments 1,Unfulfilled future demand risk,9107.142857142857,Review reorder of 163 units; confirm inbound before placing order,Supply Chain Manager,Today
HIGH,Lead-time stock deficit,6,34,Stock 10; daily planning demand 8.00; lead 3 days; safety 12; failed replenishments 2,Unfulfilled future demand risk,7854.0,Review reorder of 82 units; confirm inbound before placing order,Supply Chain Manager,Today
CRITICAL,Lead-time stock deficit,6,35,Stock 4; daily planning demand 7.71; lead 5 days; safety 10; failed replenishments 1,Unfulfilled future demand risk,10371.42857142857,Review reorder of 99 units; confirm inbound before placing order,Supply Chain Manager,Today
HIGH,Lead-time stock deficit,6,39,Stock 10; daily planning demand 6.14; lead 5 days; safety 9; failed replenishments 3,Unfulfilled future demand risk,12594.285714285716,Review reorder of 73 units; confirm inbound before placing order,Supply Chain Manager,Today
CRITICAL,Lead-time stock deficit,7,3,Stock 91; daily planning demand 67.86; lead 5 days; safety 52; failed replenishments 0,Unfulfilled future demand risk,100555.7142857143,Review reorder of 776 units; confirm inbound before placing order,Supply Chain Manager,Today
HIGH,Lead-time stock deficit,7,6,Stock 71; daily planning demand 41.29; lead 3 days; safety 21; failed replenishments 0,Unfulfilled future demand risk,11628.57142857143,Review reorder of 363 units; confirm inbound before placing order,Supply Chain Manager,Today
HIGH,Lead-time stock deficit,7,7,Stock 82; daily planning demand 35.96; lead 5 days; safety 28; failed replenishments 1,Unfulfilled future demand risk,74833.39285714287,Review reorder of 378 units; confirm inbound before placing order,Supply Chain Manager,Today
CRITICAL,Lead-time stock deficit,7,11,Stock 23; daily planning demand 24.57; lead 5 days; safety 27; failed replenishments 1,Unfulfilled future demand risk,25463.57142857143,Review reorder of 299 units; confirm inbound before placing order,Supply Chain Manager,Today
HIGH,Lead-time stock deficit,7,14,Stock 32; daily planning demand 21.43; lead 3 days; safety 15; failed replenishments 0,Unfulfilled future demand risk,12074.85714285714,Review reorder of 198 units; confirm inbound before placing order,Supply Chain Manager,Today
HIGH,Lead-time stock deficit,7,15,Stock 40; daily planning demand 17.39; lead 5 days; safety 20; failed replenishments 0,Unfulfilled future demand risk,11975.892857142855,Review reorder of 189 units; confirm inbound before placing order,Supply Chain Manager,Today
CRITICAL,Lead-time stock deficit,7,19,Stock 3; daily planning demand 16.29; lead 5 days; safety 16; failed replenishments 0,Unfulfilled future demand risk,47684.57142857142,Review reorder of 209 units; confirm inbound before placing order,Supply Chain Manager,Today
HIGH,Lead-time stock deficit,7,23,Stock 23; daily planning demand 10.71; lead 5 days; safety 18; failed replenishments 1,Unfulfilled future demand risk,23387.142857142855,Review reorder of 124 units; confirm inbound before placing order,Supply Chain Manager,Today
HIGH,Lead-time stock deficit,7,26,Stock 16; daily planning demand 11.14; lead 3 days; safety 13; failed replenishments 0,Unfulfilled future demand risk,7773.142857142858,Review reorder of 109 units; confirm inbound before placing order,Supply Chain Manager,Today
HIGH,Lead-time stock deficit,7,27,Stock 21; daily planning demand 8.79; lead 5 days; safety 15; failed replenishments 1,Unfulfilled future demand risk,11693.57142857143,Review reorder of 100 units; confirm inbound before placing order,Supply Chain Manager,Today
HIGH,Lead-time stock deficit,7,31,Stock 15; daily planning demand 8.57; lead 5 days; safety 12; failed replenishments 0,Unfulfilled future demand risk,4178.571428571428,Review reorder of 100 units; confirm inbound before placing order,Supply Chain Manager,Today
HIGH,Lead-time stock deficit,7,34,Stock 16; daily planning demand 8.14; lead 3 days; safety 10; failed replenishments 2,Unfulfilled future demand risk,4728.428571428571,Review reorder of 76 units; confirm inbound before placing order,Supply Chain Manager,Today
HIGH,Lead-time stock deficit,7,35,Stock 17; daily planning demand 7.14; lead 5 days; safety 11; failed replenishments 0,Unfulfilled future demand risk,5614.285714285715,Review reorder of 80 units; confirm inbound before placing order,Supply Chain Manager,Today
CRITICAL,Lead-time stock deficit,7,38,Stock 2; daily planning demand 8.71; lead 3 days; safety 10; failed replenishments 1,Unfulfilled future demand risk,5311.428571428571,Review reorder of 96 units; confirm inbound before placing order,Supply Chain Manager,Today
CRITICAL,Lead-time stock deficit,7,39,Stock 4; daily planning demand 7.86; lead 5 days; safety 12; failed replenishments 0,Unfulfilled future demand risk,21453.714285714286,Review reorder of 103 units; confirm inbound before placing order,Supply Chain Manager,Today
HIGH,Delivery service threshold,0,-1,36.7% late; P90 35.9 minutes,Customer promise misses,1013924.64,"Inspect distance mix, pick time and peak staffing; cost shown is exposure, not avoidable loss",Operations Head,Today
HIGH,Delivery service threshold,1,-1,26.5% late; P90 34.0 minutes,Customer promise misses,1086973.4899999998,"Inspect distance mix, pick time and peak staffing; cost shown is exposure, not avoidable loss",Operations Head,Today
HIGH,Delivery service threshold,2,-1,23.1% late; P90 33.1 minutes,Customer promise misses,1150035.5999999999,"Inspect distance mix, pick time and peak staffing; cost shown is exposure, not avoidable loss",Operations Head,Today
HIGH,Delivery service threshold,3,-1,22.8% late; P90 33.2 minutes,Customer promise misses,1249217.76,"Inspect distance mix, pick time and peak staffing; cost shown is exposure, not avoidable loss",Operations Head,Today
HIGH,Delivery service threshold,4,-1,24.9% late; P90 33.6 minutes,Customer promise misses,1011430.62,"Inspect distance mix, pick time and peak staffing; cost shown is exposure, not avoidable loss",Operations Head,Today
HIGH,Delivery service threshold,5,-1,27.4% late; P90 34.0 minutes,Customer promise misses,1088273.0399999998,"Inspect distance mix, pick time and peak staffing; cost shown is exposure, not avoidable loss",Operations Head,Today
HIGH,Delivery service threshold,6,-1,29.2% late; P90 34.5 minutes,Customer promise misses,1161050.05,"Inspect distance mix, pick time and peak staffing; cost shown is exposure, not avoidable loss",Operations Head,Today
HIGH,Delivery service threshold,7,-1,31.3% late; P90 35.0 minutes,Customer promise misses,1244599.21,"Inspect distance mix, pick time and peak staffing; cost shown is exposure, not avoidable loss",Operations Head,Today
HIGH,Modeled capacity pressure,0,-1,117 days exceed modeled capacity; peak 440 orders,Picking congestion,0.0,Review shift coverage and batching; no financial benefit assumed,Operations Head,Next roster review
HIGH,Modeled capacity pressure,1,-1,72 days exceed modeled capacity; peak 443 orders,Picking congestion,0.0,Review shift coverage and batching; no financial benefit assumed,Operations Head,Next roster review
HIGH,Modeled capacity pressure,2,-1,33 days exceed modeled capacity; peak 414 orders,Picking congestion,0.0,Review shift coverage and batching; no financial benefit assumed,Operations Head,Next roster review
HIGH,Modeled capacity pressure,3,-1,15 days exceed modeled capacity; peak 441 orders,Picking congestion,0.0,Review shift coverage and batching; no financial benefit assumed,Operations Head,Next roster review
HIGH,Modeled capacity pressure,4,-1,2 days exceed modeled capacity; peak 458 orders,Picking congestion,0.0,Review shift coverage and batching; no financial benefit assumed,Operations Head,Next roster review
